<?xml version="1.0" encoding="utf-8"?>
<theme id="importbybogdan" name="Imported Assets By Bogdan" cc_theme_id="importbybogdan">
<!--Sorry that there's no indenting, I couldn't get the import script to keep that.-->
<!--Also, be sure to leave a blank line before <theme>, otherwise the import script breaks.-->
<char id="327068788" name="the benson apparition" cc_theme_id="family" thumbnail_url="char-default.png" copyable="Y">
<tags>family,every,copy,of,wrapper,offline,is,_free,software,but,is,also,_cat:personalized</tags>
</char>
<sound id="hello_this_is_the_te_405.mp3" name="Eric Voice Test #1" subtype="soundeffect" duration="18808" downloadtype="progressive" aid="24304" enable="Y" is_premium="N" money="0" sharing="0" />
<sound id="Waaaaaa.mp3" name="Yay David" subtype="soundeffect" duration="3082" downloadtype="progressive" aid="24304" enable="Y" is_premium="N" money="0" sharing="0" />
<sound id="Yay.mp3" name="Yay 2" subtype="soundeffect" duration="7164" downloadtype="progressive" aid="24304" enable="Y" is_premium="N" money="0" sharing="0" />
<sound id="Crying Daivd.mp3" name="Crying David" subtype="soundeffect" duration="6796" downloadtype="progressive" aid="24304" enable="Y" is_premium="N" money="0" sharing="0" />
<prop id="bandicam 2019-07-01 16-55-06-978.jpg" name="Poopy Butt" holdable="0" wearable="0" placeable="1" facing="left" thumb="" aid="9004" enable="Y" is_premium="N" money="0" sharing="0" />
<sound id="TTS Audio Clip (13).mp3" name="Okay Dad Joey" subtype="soundeffect" duration="2716" downloadtype="progressive" aid="24304" enable="Y" is_premium="N" money="0" sharing="0" />
<sound id="TTS Audio Clip (14).mp3" name="Poop Joey" subtype="soundeffect" duration="6426" downloadtype="progressive" aid="24304" enable="Y" is_premium="N" money="0" sharing="0" />
<sound id="TTS Audio Clip (15).mp3" name="Ivy No" subtype="soundeffect" duration="6818" downloadtype="progressive" aid="24304" enable="Y" is_premium="N" money="0" sharing="0" />
<sound id="TTS Audio Clip (16).mp3" name="Too Sad" subtype="soundeffect" duration="1802" downloadtype="progressive" aid="24304" enable="Y" is_premium="N" money="0" sharing="0" />
<sound id="TTS Audio Clip (17).mp3" name="Wawawa Ivy" subtype="soundeffect" duration="6974" downloadtype="progressive" aid="24304" enable="Y" is_premium="N" money="0" sharing="0" />
<sound id="TTS Audio Clip (18).mp3" name="Poop Ivy" subtype="soundeffect" duration="4388" downloadtype="progressive" aid="24304" enable="Y" is_premium="N" money="0" sharing="0" />
<sound id="Bogdan 1.mp3" name="Bogdan 1" subtype="soundeffect" duration="1850" downloadtype="progressive" aid="24304" enable="Y" is_premium="N" money="0" sharing="0" />
<sound id="Bogdan 2.mp3" name="Bogdan 2" subtype="soundeffect" duration="2190" downloadtype="progressive" aid="24304" enable="Y" is_premium="N" money="0" sharing="0" />
<sound id="Bogdan 3.mp3" name="Bogdan 3" subtype="soundeffect" duration="1746" downloadtype="progressive" aid="24304" enable="Y" is_premium="N" money="0" sharing="0" />
<sound id="Gummy 1.mp3" name="Gummy 1" subtype="soundeffect" duration="4593" downloadtype="progressive" aid="24304" enable="Y" is_premium="N" money="0" sharing="0" />
<sound id="Gummy 2.mp3" name="Gummy 2'" subtype="soundeffect" duration="6604" downloadtype="progressive" aid="24304" enable="Y" is_premium="N" money="0" sharing="0" />
<sound id="get_back_here_right__634.mp3" name="Eric Voice #2" subtype="soundeffect" duration="3604" downloadtype="progressive" aid="24304" enable="Y" is_premium="N" money="0" sharing="0" />
<sound id="gee_were_so_bored__627.mp3" name="Eric #3" subtype="soundeffect" duration="4362" downloadtype="progressive" aid="24304" enable="Y" is_premium="N" money="0" sharing="0" />
<sound id="TTS Audio Clip (1).mp3" name="Brian #1" subtype="soundeffect" duration="3735" downloadtype="progressive" aid="24304" enable="Y" is_premium="N" money="0" sharing="0" />
<sound id="oh_i_got_a_brillian_749.mp3" name="Eric #4" subtype="soundeffect" duration="2351" downloadtype="progressive" aid="24304" enable="Y" is_premium="N" money="0" sharing="0" />
<sound id="TTS Audio Clip (2).mp3" name="Brian #2" subtype="soundeffect" duration="1436" downloadtype="progressive" aid="24304" enable="Y" is_premium="N" money="0" sharing="0" />
<sound id="tonight_while_jenny_975.mp3" name="Eric #5" subtype="soundeffect" duration="7418" downloadtype="progressive" aid="24304" enable="Y" is_premium="N" money="0" sharing="0" />
<sound id="TTS Audio Clip (3).mp3" name="Brian #3" subtype="soundeffect" duration="6295" downloadtype="progressive" aid="24304" enable="Y" is_premium="N" money="0" sharing="0" />
<sound id="TTS Audio Clip (5).mp3" name="Brian #4" subtype="soundeffect" duration="8620" downloadtype="progressive" aid="24304" enable="Y" is_premium="N" money="0" sharing="0" />
<sound id="waaaaaaaaaaaaaaaaaaa_432.mp3" name="Eric #7" subtype="soundeffect" duration="4884" downloadtype="progressive" aid="24304" enable="Y" is_premium="N" money="0" sharing="0" />
<sound id="TTS Audio Clip (6).mp3" name="Brian #5" subtype="soundeffect" duration="4231" downloadtype="progressive" aid="24304" enable="Y" is_premium="N" money="0" sharing="0" />
<sound id="TTS Audio Clip (7).mp3" name="y" subtype="soundeffect" duration="" downloadtype="progressive" aid="24304" enable="Y" is_premium="N" money="0" sharing="0" />
<sound id="TTS Audio Clip (7).mp3" name="Emma #1" subtype="soundeffect" duration="23849" downloadtype="progressive" aid="24304" enable="Y" is_premium="N" money="0" sharing="0" />
<sound id="Wishper 1.mp3" name="3463" subtype="bgmusic" duration="" downloadtype="progressive" aid="24304" enable="Y" is_premium="N" money="0" sharing="0" />
<sound id="Wishper 1.mp3" name="Whispery #1" subtype="soundeffect" duration="8200" downloadtype="progressive" aid="24304" enable="Y" is_premium="N" money="0" sharing="0" />
<sound id="Robot Rock.mp3" name="Robot Rock Edit" subtype="bgmusic" duration="187795" downloadtype="progressive" aid="24304" enable="Y" is_premium="N" money="0" sharing="0" />
<sound id="hey_media_teh_bogdan_339.mp3" name="Eric #8" subtype="soundeffect" duration="5485" downloadtype="progressive" aid="24304" enable="Y" is_premium="N" money="0" sharing="0" />
<sound id="let_me_see_548.mp3" name="Eric #9" subtype="soundeffect" duration="1018" downloadtype="progressive" aid="24304" enable="Y" is_premium="N" money="0" sharing="0" />
<sound id="wow__media_teh_bogd_265.mp3" name="Eric #!0" subtype="soundeffect" duration="16222" downloadtype="progressive" aid="24304" enable="Y" is_premium="N" money="0" sharing="0" />
<sound id="Adam Walking.mp3" name="Adam Walking" subtype="soundeffect" duration="6056" downloadtype="progressive" aid="24304" enable="Y" is_premium="N" money="0" sharing="0" />
<sound id="Adam Running.mp3" name="Adam Running" subtype="soundeffect" duration="3365" downloadtype="progressive" aid="24304" enable="Y" is_premium="N" money="0" sharing="0" />
<sound id="Eve Walking.mp3" name="Eve Walking" subtype="soundeffect" duration="5246" downloadtype="progressive" aid="24304" enable="Y" is_premium="N" money="0" sharing="0" />
<sound id="Eve Running.mp3" name="Eve Running" subtype="soundeffect" duration="3365" downloadtype="progressive" aid="24304" enable="Y" is_premium="N" money="0" sharing="0" />
<prop id="Skater Minion.png" name="Skater" holdable="0" wearable="0" placeable="1" facing="left" thumb="" aid="9004" enable="Y" is_premium="N" money="0" sharing="0" />
<sound id="Emma 2.mp3" name="Emma 2" subtype="soundeffect" duration="2272" downloadtype="progressive" aid="24304" enable="Y" is_premium="N" money="0" sharing="0" />
<sound id="Emma 3.mp3" name="Emma 3" subtype="soundeffect" duration="2324" downloadtype="progressive" aid="24304" enable="Y" is_premium="N" money="0" sharing="0" />
<sound id="Brian 8.mp3" name="Brian 8" subtype="soundeffect" duration="5329" downloadtype="progressive" aid="24304" enable="Y" is_premium="N" money="0" sharing="0" />
<sound id="Brian 9.mp3" name="Brian 9" subtype="soundeffect" duration="3970" downloadtype="progressive" aid="24304" enable="Y" is_premium="N" money="0" sharing="0" />
<sound id="Brian 10.mp3" name="Brian 10" subtype="soundeffect" duration="7026" downloadtype="progressive" aid="24304" enable="Y" is_premium="N" money="0" sharing="0" />
<sound id="Justin 1.mp3" name="Justin 1" subtype="soundeffect" duration="2899" downloadtype="progressive" aid="24304" enable="Y" is_premium="N" money="0" sharing="0" />
<sound id="Emma 4.mp3" name="Emma 4" subtype="soundeffect" duration="4858" downloadtype="progressive" aid="24304" enable="Y" is_premium="N" money="0" sharing="0" />
<sound id="Emma 5.mp3" name="Emma 5" subtype="soundeffect" duration="15934" downloadtype="progressive" aid="24304" enable="Y" is_premium="N" money="0" sharing="0" />
<sound id="Kidaroo 1.mp3" name="Kidaroo 1" subtype="soundeffect" duration="1175" downloadtype="progressive" aid="24304" enable="Y" is_premium="N" money="0" sharing="0" />
<sound id="Kidaroo 2.mp3" name="Kidaroo 2" subtype="soundeffect" duration="10997" downloadtype="progressive" aid="24304" enable="Y" is_premium="N" money="0" sharing="0" />
<sound id="Kidaroo 3.mp3" name="Kidaroo 3" subtype="soundeffect" duration="6609" downloadtype="progressive" aid="24304" enable="Y" is_premium="N" money="0" sharing="0" />
<sound id="Old Joey 1.mp3" name="Old Joey 1" subtype="soundeffect" duration="16117" downloadtype="progressive" aid="24304" enable="Y" is_premium="N" money="0" sharing="0" />
<sound id="Old Joey 2.mp3" name="Old Joey 2" subtype="soundeffect" duration="8071" downloadtype="progressive" aid="24304" enable="Y" is_premium="N" money="0" sharing="0" />
<sound id="Old Joey 1.mp3" name="Old Joey 1" subtype="soundeffect" duration="16117" downloadtype="progressive" aid="24304" enable="Y" is_premium="N" money="0" sharing="0" />
<sound id="Scary Voice 1.mp3" name="Scary Voice 1" subtype="soundeffect" duration="18612" downloadtype="progressive" aid="24304" enable="Y" is_premium="N" money="0" sharing="0" />
<sound id="Test Voice 1.mp3" name="Test Voice 1" subtype="soundeffect" duration="2011" downloadtype="progressive" aid="24304" enable="Y" is_premium="N" money="0" sharing="0" />
<sound id="Test Voice 2.mp3" name="Test Voice 2" subtype="soundeffect" duration="2194" downloadtype="progressive" aid="24304" enable="Y" is_premium="N" money="0" sharing="0" />
<sound id="Test Voice 3.mp3" name="Test Voice 3" subtype="soundeffect" duration="1802" downloadtype="progressive" aid="24304" enable="Y" is_premium="N" money="0" sharing="0" />
<sound id="Test Voice 4.mp3" name="Test Voice 4" subtype="soundeffect" duration="" downloadtype="progressive" aid="24304" enable="Y" is_premium="N" money="0" sharing="0" />
<sound id="Test Voice 5.mp3" name="Test Voice 5" subtype="soundeffect" duration="2168" downloadtype="progressive" aid="24304" enable="Y" is_premium="N" money="0" sharing="0" />
<sound id="Test Voice 6.mp3" name="Test Voice 6" subtype="soundeffect" duration="2188" downloadtype="progressive" aid="24304" enable="Y" is_premium="N" money="0" sharing="0" />
<sound id="Test Voice 7.mp3" name="Test Voice 7" subtype="soundeffect" duration="2578" downloadtype="progressive" aid="24304" enable="Y" is_premium="N" money="0" sharing="0" />
<sound id="Test Voice 8.mp3" name="Test Voice 8" subtype="soundeffect" duration="2578" downloadtype="progressive" aid="24304" enable="Y" is_premium="N" money="0" sharing="0" />
<sound id="Test Voice 9.mp3" name="Test Voice 9" subtype="soundeffect" duration="3556" downloadtype="progressive" aid="24304" enable="Y" is_premium="N" money="0" sharing="0" />
<sound id="Test Voice 10.mp3" name="Test Voice 10" subtype="soundeffect" duration="2764" downloadtype="progressive" aid="24304" enable="Y" is_premium="N" money="0" sharing="0" />
<sound id="Test Voice 11.mp3" name="Test Voice 11" subtype="soundeffect" duration="6974" downloadtype="progressive" aid="24304" enable="Y" is_premium="N" money="0" sharing="0" />
<prop id="4.png" name="Four" holdable="0" wearable="0" placeable="1" facing="left" thumb="" aid="9004" enable="Y" is_premium="N" money="0" sharing="0" />
<prop id="20th Century Fox.png" name="20th BFDI" holdable="0" wearable="0" placeable="1" facing="left" thumb="" aid="9004" enable="Y" is_premium="N" money="0" sharing="0" />
<prop id="Angela.png" name="Angela" holdable="0" wearable="0" placeable="1" facing="left" thumb="" aid="9004" enable="Y" is_premium="N" money="0" sharing="0" />
<prop id="Cleopatra Minion.png" name="Cleopatra" holdable="0" wearable="0" placeable="1" facing="left" thumb="" aid="9004" enable="Y" is_premium="N" money="0" sharing="0" />
<prop id="Expological Optimizations Edits.jpg" name="Expological" holdable="0" wearable="0" placeable="1" facing="left" thumb="" aid="9004" enable="Y" is_premium="N" money="0" sharing="0" />
<prop id="Fanta 2012.jpg" name="Fanta 2012" holdable="0" wearable="0" placeable="1" facing="left" thumb="" aid="9004" enable="Y" is_premium="N" money="0" sharing="0" />
<prop id="Gelatin 7 year old.png" name="Gelatin 7 Years Old" holdable="0" wearable="0" placeable="1" facing="left" thumb="" aid="9004" enable="Y" is_premium="N" money="0" sharing="0" />
<prop id="Gelatin 2023.png" name="Gelatin 2023" holdable="0" wearable="0" placeable="1" facing="left" thumb="" aid="9004" enable="Y" is_premium="N" money="0" sharing="0" />
<prop id="Gelatin.png" name="Gelatin (Original)" holdable="0" wearable="0" placeable="1" facing="left" thumb="" aid="9004" enable="Y" is_premium="N" money="0" sharing="0" />
<prop id="Marker.jpg" name="Marker" holdable="0" wearable="0" placeable="1" facing="left" thumb="" aid="9004" enable="Y" is_premium="N" money="0" sharing="0" />
<background id="McDonald's Again.jpg" name="McDonald's" default="N" aid="9603" enable="Y" is_premium="N" money="0" sharing="0" />
<prop id="McDonald's Again.jpg" name="McDonald's (Alt)" holdable="0" wearable="0" placeable="1" facing="left" thumb="" aid="9004" enable="Y" is_premium="N" money="0" sharing="0" />
<prop id="McDonald's Drive Thru.jpeg" name="McDonald's Drive Thru" holdable="0" wearable="0" placeable="1" facing="left" thumb="" aid="9004" enable="Y" is_premium="N" money="0" sharing="0" />
<prop id="Mickey Mouse.png" name="Mickey Mouse" holdable="0" wearable="0" placeable="1" facing="left" thumb="" aid="9004" enable="Y" is_premium="N" money="0" sharing="0" />
<prop id="Microsoft.png" name="Talking Microsoft" holdable="0" wearable="0" placeable="1" facing="left" thumb="" aid="9004" enable="Y" is_premium="N" money="0" sharing="0" />
<prop id="Minnie Mouse.png" name="Minnie Mouse" holdable="0" wearable="0" placeable="1" facing="left" thumb="" aid="9004" enable="Y" is_premium="N" money="0" sharing="0" />
<prop id="Pinkfong.jpg" name="Pinkfong" holdable="0" wearable="0" placeable="1" facing="left" thumb="" aid="9004" enable="Y" is_premium="N" money="0" sharing="0" />
<prop id="Rita (Jelly Jamm) Fairy.png" name="Rita Fairt" holdable="0" wearable="0" placeable="1" facing="left" thumb="" aid="9004" enable="Y" is_premium="N" money="0" sharing="0" />
<prop id="Roger.png" name="Roger Klotz" holdable="0" wearable="0" placeable="1" facing="left" thumb="" aid="9004" enable="Y" is_premium="N" money="0" sharing="0" />
<prop id="X.png" name="X" holdable="0" wearable="0" placeable="1" facing="left" thumb="" aid="9004" enable="Y" is_premium="N" money="0" sharing="0" />
<prop id="Screenshot_2023-10-29-07-06-57-063-removebg-preview.png" name="Angela 2" holdable="0" wearable="0" placeable="1" facing="left" thumb="" aid="9004" enable="Y" is_premium="N" money="0" sharing="0" />
<prop id="Sdridsdj November 2023.png" name="Sdridsdj November 2024" holdable="0" wearable="0" placeable="1" facing="left" thumb="" aid="9004" enable="Y" is_premium="N" money="0" sharing="0" />
<prop id="Sky Mint.jpg" name="Sky Mint Background" holdable="0" wearable="0" placeable="1" facing="left" thumb="" aid="9004" enable="Y" is_premium="N" money="0" sharing="0" />
<sound id="Evil Edd.mp3" name="Evil Eddsworld G Major 585" subtype="bgmusic" duration="54360" downloadtype="progressive" aid="24304" enable="Y" is_premium="N" money="0" sharing="0" />
<sound id="German IceTober Lobby Music.mp3" name="German Ice Tober Loby" subtype="bgmusic" duration="168856" downloadtype="progressive" aid="24304" enable="Y" is_premium="N" money="0" sharing="0" />
<prop id="bandicam 2024-06-16 15-58-00-361.jpg" name="Ice Tober" holdable="0" wearable="0" placeable="1" facing="left" thumb="" aid="9004" enable="Y" is_premium="N" money="0" sharing="0" />
<sound id="Emma 6.mp3" name="Emma 6" subtype="soundeffect" duration="5433" downloadtype="progressive" aid="24304" enable="Y" is_premium="N" money="0" sharing="0" />
<sound id="Brian 11.mp3" name="Brian 11" subtype="soundeffect" duration="3343" downloadtype="progressive" aid="24304" enable="Y" is_premium="N" money="0" sharing="0" />
<sound id="Jioey 1.mp3" name="Joey 1" subtype="soundeffect" duration="2455" downloadtype="progressive" aid="24304" enable="Y" is_premium="N" money="0" sharing="0" />
<sound id="Emma 7.mp3" name="Emma 7" subtype="soundeffect" duration="2795" downloadtype="progressive" aid="24304" enable="Y" is_premium="N" money="0" sharing="0" />
<sound id="Emma 8.mp3" name="Emma 8" subtype="soundeffect" duration="6112" downloadtype="progressive" aid="24304" enable="Y" is_premium="N" money="0" sharing="0" />
<sound id="Emma 9.mp3" name="Emma 9" subtype="soundeffect" duration="2194" downloadtype="progressive" aid="24304" enable="Y" is_premium="N" money="0" sharing="0" />
<sound id="Brian 12.mp3" name="Brian 12" subtype="soundeffect" duration="2272" downloadtype="progressive" aid="24304" enable="Y" is_premium="N" money="0" sharing="0" />
<sound id="Joey 2.mp3" name="Joey 2" subtype="soundeffect" duration="10031" downloadtype="progressive" aid="24304" enable="Y" is_premium="N" money="0" sharing="0" />
<sound id="Emma 10.mp3" name="Emma 10" subtype="soundeffect" duration="2142" downloadtype="progressive" aid="24304" enable="Y" is_premium="N" money="0" sharing="0" />
<prop id="bandicam_2023-11-15_16-18-23-405-removebg-preview.png" name="Gummy Bear" holdable="0" wearable="0" placeable="1" facing="left" thumb="" aid="9004" enable="Y" is_premium="N" money="0" sharing="0" />
<prop id="Lambie_Lamb.png" name="Lambie" holdable="0" wearable="0" placeable="1" facing="left" thumb="" aid="9004" enable="Y" is_premium="N" money="0" sharing="0" />
<prop id="McDonald's Alternative.jpg" name="McDonald's (Alt V2)" holdable="0" wearable="0" placeable="1" facing="left" thumb="" aid="9004" enable="Y" is_premium="N" money="0" sharing="0" />
<prop id="Pencilmate.png" name="Pencilmate" holdable="0" wearable="0" placeable="1" facing="left" thumb="" aid="9004" enable="Y" is_premium="N" money="0" sharing="0" />
<prop id="Pencilmiss.jpg" name="Pencilmiss" holdable="0" wearable="0" placeable="1" facing="left" thumb="" aid="9004" enable="Y" is_premium="N" money="0" sharing="0" />
<prop id="23656-9-twilight-sparkle-transparent-background-removebg-preview.png" name="Twilight" holdable="0" wearable="0" placeable="1" facing="left" thumb="" aid="9004" enable="Y" is_premium="N" money="0" sharing="0" />
<prop id="Pinkie_Pie_29.png" name="Pinkie Pie (Human)" holdable="0" wearable="0" placeable="1" facing="left" thumb="" aid="9004" enable="Y" is_premium="N" money="0" sharing="0" />
<prop id="Point-commission-casual-dress-twilight-sparkle-by-imperfectxiii-daucrdx-cutiepie1920-41415595-601-1328-removebg-preview.png" name="Twilight Sparkle (Human)" holdable="0" wearable="0" placeable="1" facing="left" thumb="" aid="9004" enable="Y" is_premium="N" money="0" sharing="0" />
<prop id="Rita (Jelly Jamm) Plush.jpg" name="Rita (Flushy)" holdable="0" wearable="0" placeable="1" facing="left" thumb="" aid="9004" enable="Y" is_premium="N" money="0" sharing="0" />
<prop id="Rita (Jelly Jamm) V2.png" name="Rita (V2)" holdable="0" wearable="0" placeable="1" facing="left" thumb="" aid="9004" enable="Y" is_premium="N" money="0" sharing="0" />
<prop id="Train Station.jpg" name="Train Station" holdable="0" wearable="0" placeable="1" facing="left" thumb="" aid="9004" enable="Y" is_premium="N" money="0" sharing="0" />
<sound id="holy_sweet_mother_of_244.mp3" name="Holy Sweet!" subtype="soundeffect" duration="17920" downloadtype="progressive" aid="24304" enable="Y" is_premium="N" money="0" sharing="0" />
<sound id="Eric 11.mp3" name="Eric 11" subtype="soundeffect" duration="4153" downloadtype="progressive" aid="24304" enable="Y" is_premium="N" money="0" sharing="0" />
<sound id="Eric 12.mp3" name="Eric 12" subtype="soundeffect" duration="3604" downloadtype="progressive" aid="24304" enable="Y" is_premium="N" money="0" sharing="0" />
<sound id="Eric 13.mp3" name="Eric 13" subtype="soundeffect" duration="1410" downloadtype="progressive" aid="24304" enable="Y" is_premium="N" money="0" sharing="0" />
<sound id="Eric 14.mp3" name="Eric 14" subtype="soundeffect" duration="2560" downloadtype="progressive" aid="24304" enable="Y" is_premium="N" money="0" sharing="0" />
<sound id="Eric 15.mp3" name="Eric 15" subtype="soundeffect" duration="2377" downloadtype="progressive" aid="24304" enable="Y" is_premium="N" money="0" sharing="0" />
<sound id="Eric 16.mp3" name="Eric 16" subtype="soundeffect" duration="41822" downloadtype="progressive" aid="24304" enable="Y" is_premium="N" money="0" sharing="0" />
<sound id="Eric 17.mp3" name="Eric 17" subtype="soundeffect" duration="10919" downloadtype="progressive" aid="24304" enable="Y" is_premium="N" money="0" sharing="0" />
<sound id="Eric 18.mp3" name="Eric 18" subtype="soundeffect" duration="3056" downloadtype="progressive" aid="24304" enable="Y" is_premium="N" money="0" sharing="0" />
<sound id="Eric 19.mp3" name="Eric 19" subtype="soundeffect" duration="3657" downloadtype="progressive" aid="24304" enable="Y" is_premium="N" money="0" sharing="0" />
<sound id="Old Brian 1.mp3" name="Old Brian 1" subtype="soundeffect" duration="6373" downloadtype="progressive" aid="24304" enable="Y" is_premium="N" money="0" sharing="0" />
<sound id="Old Brian 2.mp3" name="Old Brian 2" subtype="soundeffect" duration="626" downloadtype="progressive" aid="24304" enable="Y" is_premium="N" money="0" sharing="0" />
<sound id="Old Brian 3.mp3" name="Old Brian 3" subtype="soundeffect" duration="1776" downloadtype="progressive" aid="24304" enable="Y" is_premium="N" money="0" sharing="0" />
<sound id="Old Brian 4.mp3" name="Old Brian 4" subtype="soundeffect" duration="1645" downloadtype="progressive" aid="24304" enable="Y" is_premium="N" money="0" sharing="0" />
<sound id="Old Brian 5.mp3" name="Old Brian 5" subtype="soundeffect" duration="3160" downloadtype="progressive" aid="24304" enable="Y" is_premium="N" money="0" sharing="0" />
<sound id="Old Brian 6.mp3" name="Old Brian 6" subtype="soundeffect" duration="653" downloadtype="progressive" aid="24304" enable="Y" is_premium="N" money="0" sharing="0" />
<sound id="Old Brian 7.mp3" name="Old Brian 7" subtype="soundeffect" duration="3395" downloadtype="progressive" aid="24304" enable="Y" is_premium="N" money="0" sharing="0" />
<prop id="Blue Socks.png" name="Blue Socks" holdable="0" wearable="0" placeable="1" facing="left" thumb="" aid="9004" enable="Y" is_premium="N" money="0" sharing="0" />
<prop id="Blue Shoes.png" name="Blue Shoes" holdable="0" wearable="0" placeable="1" facing="left" thumb="" aid="9004" enable="Y" is_premium="N" money="0" sharing="0" />
<prop id="Blue Planet (Improved).png" name="Blue Planet" holdable="0" wearable="0" placeable="1" facing="left" thumb="" aid="9004" enable="Y" is_premium="N" money="0" sharing="0" />
<prop id="XJ9.png" name="Jenny Wakeman" holdable="0" wearable="0" placeable="1" facing="left" thumb="" aid="9004" enable="Y" is_premium="N" money="0" sharing="0" />
<sound id="Joey 3.mp3" name="Joey 3" subtype="soundeffect" duration="24790" downloadtype="progressive" aid="24304" enable="Y" is_premium="N" money="0" sharing="0" />
<prop id="Witch Minion.jpg" name="Witch Minion" holdable="0" wearable="0" placeable="1" facing="left" thumb="" aid="9004" enable="Y" is_premium="N" money="0" sharing="0" />
<prop id="Rita (Jelly Jamm) V3.png" name="Rita" holdable="0" wearable="0" placeable="1" facing="left" thumb="" aid="9004" enable="Y" is_premium="N" money="0" sharing="0" />
<prop id="Rita (Jelly Jamm).png" name="Rita Jelly Jamm" holdable="0" wearable="0" placeable="1" facing="left" thumb="" aid="9004" enable="Y" is_premium="N" money="0" sharing="0" />
<prop id="Vegas Pro 12.png" name="Vegas Pro 12" holdable="0" wearable="0" placeable="1" facing="left" thumb="" aid="9004" enable="Y" is_premium="N" money="0" sharing="0" />
<prop id="VEGAS Pro 13 Logo.png" name="MAGIX VEGAS 13" holdable="0" wearable="0" placeable="1" facing="left" thumb="" aid="9004" enable="Y" is_premium="N" money="0" sharing="0" />
<prop id="Windows Vista.png" name="vISTA" holdable="0" wearable="0" placeable="1" facing="left" thumb="" aid="9004" enable="Y" is_premium="N" money="0" sharing="0" />
<prop id="Wybzzy.jpg" name="WoW WoW Wubzzy" holdable="0" wearable="0" placeable="1" facing="left" thumb="" aid="9004" enable="Y" is_premium="N" money="0" sharing="0" />
<sound id="DUN DUN DUU.mp3" name="Dun Dun Dun Sound" subtype="soundeffect" duration="3866" downloadtype="progressive" aid="24304" enable="Y" is_premium="N" money="0" sharing="0" />
<sound id="Hot Heat Topher Mohr and Alex Elena.mp3" name="Hot Heat" subtype="bgmusic" duration="192417" downloadtype="progressive" aid="24304" enable="Y" is_premium="N" money="0" sharing="0" />
<sound id="Thomas the Tank Engine Music.mp3" name="Thomas The Tank Engine Music" subtype="soundeffect" duration="76512" downloadtype="progressive" aid="24304" enable="Y" is_premium="N" money="0" sharing="0" />
<sound id="y2mate.com - Alternate.mp3" name="Alternative" subtype="bgmusic" duration="172566" downloadtype="progressive" aid="24304" enable="Y" is_premium="N" money="0" sharing="0" />
<sound id="y2mate.com - Disco Macko AUDIO TRACK Gummib r The Gummy Bear.mp3" name="Disco Macko" subtype="bgmusic" duration="212272" downloadtype="progressive" aid="24304" enable="Y" is_premium="N" money="0" sharing="0" />
<sound id="y2mate.com - MDK  Press Start.mp3" name="Press Start" subtype="bgmusic" duration="209973" downloadtype="progressive" aid="24304" enable="Y" is_premium="N" money="0" sharing="0" />
<sound id="y2mate.com - TheFatRat  Monody feat Laura Brehm.mp3" name="Momody" subtype="bgmusic" duration="291032" downloadtype="progressive" aid="24304" enable="Y" is_premium="N" money="0" sharing="0" />
<sound id="Disco Macko.mp3" name="Disco Macko (Unfixed)" subtype="bgmusic" duration="212272" downloadtype="progressive" aid="24304" enable="Y" is_premium="N" money="0" sharing="0" />
<sound id="Crying G Major.mp3" name="Crying G Major" subtype="soundeffect" duration="6160" downloadtype="progressive" aid="24304" enable="Y" is_premium="N" money="0" sharing="0" />
<prop id="iphone 15.png" name="15" holdable="0" wearable="0" placeable="1" facing="left" thumb="" aid="9004" enable="Y" is_premium="N" money="0" sharing="0" />
<prop id="3G Video Logo.jpg" name="3D Video Logo" holdable="0" wearable="0" placeable="1" facing="left" thumb="" aid="9004" enable="Y" is_premium="N" money="0" sharing="0" />
<prop id="404 YouTube Error Monkey.png" name="404 Monkey YouTube" holdable="0" wearable="0" placeable="1" facing="left" thumb="" aid="9004" enable="Y" is_premium="N" money="0" sharing="0" />
<prop id="A Mad Dog Production Logo.jpg" name="Mad Dog" holdable="0" wearable="0" placeable="1" facing="left" thumb="" aid="9004" enable="Y" is_premium="N" money="0" sharing="0" />
<prop id="Absolute Infinity.png" name="Absolute Infinity" holdable="0" wearable="0" placeable="1" facing="left" thumb="" aid="9004" enable="Y" is_premium="N" money="0" sharing="0" />
<prop id="Adobe Flash End of Life.png" name="2" holdable="0" wearable="0" placeable="1" facing="left" thumb="" aid="9004" enable="Y" is_premium="N" money="0" sharing="0" />
<prop id="Adobe Flash End of Life.png" name="Adobe Flash End" holdable="0" wearable="0" placeable="1" facing="left" thumb="" aid="9004" enable="Y" is_premium="N" money="0" sharing="0" />
<prop id="Adobe Flash Logo.jpg" name="Adobe Flash" holdable="0" wearable="0" placeable="1" facing="left" thumb="" aid="9004" enable="Y" is_premium="N" money="0" sharing="0" />
<prop id="Among Us Logo.jpg" name="Amogus" holdable="0" wearable="0" placeable="1" facing="left" thumb="" aid="9004" enable="Y" is_premium="N" money="0" sharing="0" />
<prop id="Angry Birds Logo.png" name="Angry Birds Logo'" holdable="0" wearable="0" placeable="1" facing="left" thumb="" aid="9004" enable="Y" is_premium="N" money="0" sharing="0" />
<prop id="Anguilla Flag.jpg" name="Anguilla" holdable="0" wearable="0" placeable="1" facing="left" thumb="" aid="9004" enable="Y" is_premium="N" money="0" sharing="0" />
<prop id="Antarctica Flag.jpg" name="Antratica" holdable="0" wearable="0" placeable="1" facing="left" thumb="" aid="9004" enable="Y" is_premium="N" money="0" sharing="0" />
<prop id="Australia Flag.jpg" name="Autralia" holdable="0" wearable="0" placeable="1" facing="left" thumb="" aid="9004" enable="Y" is_premium="N" money="0" sharing="0" />
<prop id="Bahamas Flag.jpg" name="Bahamas" holdable="0" wearable="0" placeable="1" facing="left" thumb="" aid="9004" enable="Y" is_premium="N" money="0" sharing="0" />
<prop id="Bandicam Logo.png" name="Bandicam Logo" holdable="0" wearable="0" placeable="1" facing="left" thumb="" aid="9004" enable="Y" is_premium="N" money="0" sharing="0" />
<prop id="Bangladesh Flag.jpg" name="Bangladesh" holdable="0" wearable="0" placeable="1" facing="left" thumb="" aid="9004" enable="Y" is_premium="N" money="0" sharing="0" />
<prop id="Barbados Flag.jpg" name="Barbados" holdable="0" wearable="0" placeable="1" facing="left" thumb="" aid="9004" enable="Y" is_premium="N" money="0" sharing="0" />
<prop id="Blocksworld Logo.png" name="Blocksworld" holdable="0" wearable="0" placeable="1" facing="left" thumb="" aid="9004" enable="Y" is_premium="N" money="0" sharing="0" />
<prop id="Blood.png" name="Blood" holdable="0" wearable="0" placeable="1" facing="left" thumb="" aid="9004" enable="Y" is_premium="N" money="0" sharing="0" />
<prop id="Blowtorch.png" name="Blowtorch" holdable="0" wearable="0" placeable="1" facing="left" thumb="" aid="9004" enable="Y" is_premium="N" money="0" sharing="0" />
<prop id="Big Cobweb.png" name="Spider Cobweb" holdable="0" wearable="0" placeable="1" facing="left" thumb="" aid="9004" enable="Y" is_premium="N" money="0" sharing="0" />
<prop id="Bow (Weapon).png" name="Weapon Valentine" holdable="0" wearable="0" placeable="1" facing="left" thumb="" aid="9004" enable="Y" is_premium="N" money="0" sharing="0" />
<prop id="Bowser Card.jpg" name="Bowser Card" holdable="0" wearable="0" placeable="1" facing="left" thumb="" aid="9004" enable="Y" is_premium="N" money="0" sharing="0" />
<background id="Bowser Jr Card.jpg" name="2" default="N" aid="9603" enable="Y" is_premium="N" money="0" sharing="0" />
<prop id="Bowser Jr Card.jpg" name="Bowser Jr Card" holdable="0" wearable="0" placeable="1" facing="left" thumb="" aid="9004" enable="Y" is_premium="N" money="0" sharing="0" />
<prop id="Brazil Flag.jpg" name="Brazil Flag" holdable="0" wearable="0" placeable="1" facing="left" thumb="" aid="9004" enable="Y" is_premium="N" money="0" sharing="0" />
<prop id="British Indian Ocean Territory Flag.jpg" name="British Indian Ocean Territory Flag" holdable="0" wearable="0" placeable="1" facing="left" thumb="" aid="9004" enable="Y" is_premium="N" money="0" sharing="0" />
<prop id="British Virgin Islands Flag.jpg" name="British Virgin Islands Flag" holdable="0" wearable="0" placeable="1" facing="left" thumb="" aid="9004" enable="Y" is_premium="N" money="0" sharing="0" />
<prop id="Bulgaria Flag.jpg" name="Bulgaria" holdable="0" wearable="0" placeable="1" facing="left" thumb="" aid="9004" enable="Y" is_premium="N" money="0" sharing="0" />
<prop id="Burger King Logo.png" name="Borger King" holdable="0" wearable="0" placeable="1" facing="left" thumb="" aid="9004" enable="Y" is_premium="N" money="0" sharing="0" />
<prop id="Caillou Logo.png" name="Caillou Logo" holdable="0" wearable="0" placeable="1" facing="left" thumb="" aid="9004" enable="Y" is_premium="N" money="0" sharing="0" />
<prop id="Cambodia Flag.jpg" name="Cambodia" holdable="0" wearable="0" placeable="1" facing="left" thumb="" aid="9004" enable="Y" is_premium="N" money="0" sharing="0" />
<prop id="Canada Flag.jpg" name="Canada" holdable="0" wearable="0" placeable="1" facing="left" thumb="" aid="9004" enable="Y" is_premium="N" money="0" sharing="0" />
<prop id="Cancer Sign.png" name="Cancer Sign" holdable="0" wearable="0" placeable="1" facing="left" thumb="" aid="9004" enable="Y" is_premium="N" money="0" sharing="0" />
<prop id="Capricorn Sign.png" name="Capricorn" holdable="0" wearable="0" placeable="1" facing="left" thumb="" aid="9004" enable="Y" is_premium="N" money="0" sharing="0" />
<background id="Cartoon Network Logo.png" name="2" default="N" aid="9603" enable="Y" is_premium="N" money="0" sharing="0" />
<prop id="Cartoon Network Logo.png" name="Cartoon network" holdable="0" wearable="0" placeable="1" facing="left" thumb="" aid="9004" enable="Y" is_premium="N" money="0" sharing="0" />
<prop id="Cartoon Network Logo.png" name="Cartoon Network" holdable="0" wearable="0" placeable="1" facing="left" thumb="" aid="9004" enable="Y" is_premium="N" money="0" sharing="0" />
<prop id="Cbeebies Logo.png" name="Cbeebies" holdable="0" wearable="0" placeable="1" facing="left" thumb="" aid="9004" enable="Y" is_premium="N" money="0" sharing="0" />
<prop id="Central African Republic Flag.jpg" name="Central African Republic" holdable="0" wearable="0" placeable="1" facing="left" thumb="" aid="9004" enable="Y" is_premium="N" money="0" sharing="0" />
<prop id="Central African Republic Flag.jpg" name="Chad Flag" holdable="0" wearable="0" placeable="1" facing="left" thumb="" aid="9004" enable="Y" is_premium="N" money="0" sharing="0" />
<prop id="Checkered Flag.png" name="Checkered" holdable="0" wearable="0" placeable="1" facing="left" thumb="" aid="9004" enable="Y" is_premium="N" money="0" sharing="0" />
<prop id="Cheetos.png" name="Cheetos" holdable="0" wearable="0" placeable="1" facing="left" thumb="" aid="9004" enable="Y" is_premium="N" money="0" sharing="0" />
<prop id="Chile Flag.jpg" name="Chile Flag" holdable="0" wearable="0" placeable="1" facing="left" thumb="" aid="9004" enable="Y" is_premium="N" money="0" sharing="0" />
<prop id="Children Crossing Sign.png" name="Children Crosing" holdable="0" wearable="0" placeable="1" facing="left" thumb="" aid="9004" enable="Y" is_premium="N" money="0" sharing="0" />
<prop id="China Flag.jpg" name="China" holdable="0" wearable="0" placeable="1" facing="left" thumb="" aid="9004" enable="Y" is_premium="N" money="0" sharing="0" />
<prop id="Christmas Island Flag.jpg" name="Christmas Island" holdable="0" wearable="0" placeable="1" facing="left" thumb="" aid="9004" enable="Y" is_premium="N" money="0" sharing="0" />
<prop id="CNN Logo.png" name="CNN Logo" holdable="0" wearable="0" placeable="1" facing="left" thumb="" aid="9004" enable="Y" is_premium="N" money="0" sharing="0" />
<prop id="Coca-Cola Logo.png" name="Coca Cola Logo" holdable="0" wearable="0" placeable="1" facing="left" thumb="" aid="9004" enable="Y" is_premium="N" money="0" sharing="0" />
<prop id="Colombia Flag.jpg" name="Columbia" holdable="0" wearable="0" placeable="1" facing="left" thumb="" aid="9004" enable="Y" is_premium="N" money="0" sharing="0" />
<prop id="Colour Bar Screen.jpg" name="Color Bars" holdable="0" wearable="0" placeable="1" facing="left" thumb="" aid="9004" enable="Y" is_premium="N" money="0" sharing="0" />
<prop id="Comoros Flag.jpg" name="Comoros Flag" holdable="0" wearable="0" placeable="1" facing="left" thumb="" aid="9004" enable="Y" is_premium="N" money="0" sharing="0" />
<prop id="Crazy Hand.png" name="Crazy Hand" holdable="0" wearable="0" placeable="1" facing="left" thumb="" aid="9004" enable="Y" is_premium="N" money="0" sharing="0" />
<prop id="Cuba Flag.jpg" name="Cuba Flag" holdable="0" wearable="0" placeable="1" facing="left" thumb="" aid="9004" enable="Y" is_premium="N" money="0" sharing="0" />
<prop id="Curacao Flag.jpg" name="Curacao Flag" holdable="0" wearable="0" placeable="1" facing="left" thumb="" aid="9004" enable="Y" is_premium="N" money="0" sharing="0" />
<prop id="Dark Staff.png" name="Dark Staff" holdable="0" wearable="0" placeable="1" facing="left" thumb="" aid="9004" enable="Y" is_premium="N" money="0" sharing="0" />
<prop id="Death Star.png" name="Death Star" holdable="0" wearable="0" placeable="1" facing="left" thumb="" aid="9004" enable="Y" is_premium="N" money="0" sharing="0" />
<prop id="Decepticons Card.png" name="Deception" holdable="0" wearable="0" placeable="1" facing="left" thumb="" aid="9004" enable="Y" is_premium="N" money="0" sharing="0" />
<prop id="Demon Wings.png" name="Demon Wings" holdable="0" wearable="0" placeable="1" facing="left" thumb="" aid="9004" enable="Y" is_premium="N" money="0" sharing="0" />
<prop id="Despicable Me Logo.png" name="Despicable Me Logo" holdable="0" wearable="0" placeable="1" facing="left" thumb="" aid="9004" enable="Y" is_premium="N" money="0" sharing="0" />
<prop id="DiC Kid in Bed Logo.jpg" name="DIC Kid" holdable="0" wearable="0" placeable="1" facing="left" thumb="" aid="9004" enable="Y" is_premium="N" money="0" sharing="0" />
<prop id="Discord Logo.png" name="Discord Logo" holdable="0" wearable="0" placeable="1" facing="left" thumb="" aid="9004" enable="Y" is_premium="N" money="0" sharing="0" />
<prop id="Disney Junior Logo.png" name="Disney Junior Logo" holdable="0" wearable="0" placeable="1" facing="left" thumb="" aid="9004" enable="Y" is_premium="N" money="0" sharing="0" />
<prop id="Disney Logo.png" name="Disney Logo" holdable="0" wearable="0" placeable="1" facing="left" thumb="" aid="9004" enable="Y" is_premium="N" money="0" sharing="0" />
<prop id="Do not Drink Sign.png" name="Do not drink" holdable="0" wearable="0" placeable="1" facing="left" thumb="" aid="9004" enable="Y" is_premium="N" money="0" sharing="0" />
<prop id="Dr. Eggman Card.jpg" name="Dr. Eggman Card" holdable="0" wearable="0" placeable="1" facing="left" thumb="" aid="9004" enable="Y" is_premium="N" money="0" sharing="0" />
<prop id="Doritos.png" name="Doritos" holdable="0" wearable="0" placeable="1" facing="left" thumb="" aid="9004" enable="Y" is_premium="N" money="0" sharing="0" />
<prop id="Dr Pepper Logo.png" name="Dr Pepper" holdable="0" wearable="0" placeable="1" facing="left" thumb="" aid="9004" enable="Y" is_premium="N" money="0" sharing="0" />
<prop id="Dry Bowser Card.png" name="Dry Bowser Card" holdable="0" wearable="0" placeable="1" facing="left" thumb="" aid="9004" enable="Y" is_premium="N" money="0" sharing="0" />
<prop id="Dynamite.png" name="Dynamite" holdable="0" wearable="0" placeable="1" facing="left" thumb="" aid="9004" enable="Y" is_premium="N" money="0" sharing="0" />
<prop id="Ecuador Flag.jpg" name="Ecuador" holdable="0" wearable="0" placeable="1" facing="left" thumb="" aid="9004" enable="Y" is_premium="N" money="0" sharing="0" />
<prop id="Egypt Flag.jpg" name="Egypt" holdable="0" wearable="0" placeable="1" facing="left" thumb="" aid="9004" enable="Y" is_premium="N" money="0" sharing="0" />
<prop id="El Salvador Flag.jpg" name="El Salvator" holdable="0" wearable="0" placeable="1" facing="left" thumb="" aid="9004" enable="Y" is_premium="N" money="0" sharing="0" />
<prop id="England Flag.jpg" name="England Flag" holdable="0" wearable="0" placeable="1" facing="left" thumb="" aid="9004" enable="Y" is_premium="N" money="0" sharing="0" />
<prop id="Error Symbol.png" name="Error Symbol" holdable="0" wearable="0" placeable="1" facing="left" thumb="" aid="9004" enable="Y" is_premium="N" money="0" sharing="0" />
<prop id="Estonia Flag.jpg" name="Estonia" holdable="0" wearable="0" placeable="1" facing="left" thumb="" aid="9004" enable="Y" is_premium="N" money="0" sharing="0" />
<prop id="Eswatini Flag.jpg" name="Eswatini" holdable="0" wearable="0" placeable="1" facing="left" thumb="" aid="9004" enable="Y" is_premium="N" money="0" sharing="0" />
<prop id="Excel Logo.png" name="Excel microsoft" holdable="0" wearable="0" placeable="1" facing="left" thumb="" aid="9004" enable="Y" is_premium="N" money="0" sharing="0" />
<prop id="Explosion.png" name="Exolosion" holdable="0" wearable="0" placeable="1" facing="left" thumb="" aid="9004" enable="Y" is_premium="N" money="0" sharing="0" />
<background id="Fan.png" name="Fan 2" default="N" aid="9603" enable="Y" is_premium="N" money="0" sharing="0" />
<prop id="Fan.png" name="Fan" holdable="0" wearable="0" placeable="1" facing="left" thumb="" aid="9004" enable="Y" is_premium="N" money="0" sharing="0" />
<prop id="Fanta Logo.png" name="Fanta 2012" holdable="0" wearable="0" placeable="1" facing="left" thumb="" aid="9004" enable="Y" is_premium="N" money="0" sharing="0" />
<prop id="FedEx Logo.png" name="FedEx" holdable="0" wearable="0" placeable="1" facing="left" thumb="" aid="9004" enable="Y" is_premium="N" money="0" sharing="0" />
<prop id="Finland Flag.jpg" name="Finland" holdable="0" wearable="0" placeable="1" facing="left" thumb="" aid="9004" enable="Y" is_premium="N" money="0" sharing="0" />
<prop id="Flag (Triangle).png" name="Flag Triangle" holdable="0" wearable="0" placeable="1" facing="left" thumb="" aid="9004" enable="Y" is_premium="N" money="0" sharing="0" />
<prop id="Flag Rod.png" name="Flag Rod" holdable="0" wearable="0" placeable="1" facing="left" thumb="" aid="9004" enable="Y" is_premium="N" money="0" sharing="0" />
<prop id="Fortnite Logo.png" name="Fortnite" holdable="0" wearable="0" placeable="1" facing="left" thumb="" aid="9004" enable="Y" is_premium="N" money="0" sharing="0" />
<prop id="France and Saint Martin Flag.jpg" name="France Saint Martin" holdable="0" wearable="0" placeable="1" facing="left" thumb="" aid="9004" enable="Y" is_premium="N" money="0" sharing="0" />
<prop id="French Guiana Flag.jpg" name="French Guiana" holdable="0" wearable="0" placeable="1" facing="left" thumb="" aid="9004" enable="Y" is_premium="N" money="0" sharing="0" />
<prop id="French Southern and Antarctic Lands Flag.jpg" name="French Southern Antarctic Land" holdable="0" wearable="0" placeable="1" facing="left" thumb="" aid="9004" enable="Y" is_premium="N" money="0" sharing="0" />
<prop id="Galaxy.png" name="Galaxy" holdable="0" wearable="0" placeable="1" facing="left" thumb="" aid="9004" enable="Y" is_premium="N" money="0" sharing="0" />
<prop id="GoAnimate 2007 Logo.png" name="GoAnimate 2007" holdable="0" wearable="0" placeable="1" facing="left" thumb="" aid="9004" enable="Y" is_premium="N" money="0" sharing="0" />
<prop id="GoAnimate for Schools Logo.png" name="GoAnimate for Schools" holdable="0" wearable="0" placeable="1" facing="left" thumb="" aid="9004" enable="Y" is_premium="N" money="0" sharing="0" />
<prop id="GoAnimate Logo.png" name="GoAnimate 2013-2018" holdable="0" wearable="0" placeable="1" facing="left" thumb="" aid="9004" enable="Y" is_premium="N" money="0" sharing="0" />
<prop id="Google Logo.png" name="Google" holdable="0" wearable="0" placeable="1" facing="left" thumb="" aid="9004" enable="Y" is_premium="N" money="0" sharing="0" />
<prop id="Greece flag.jpg" name="Greece" holdable="0" wearable="0" placeable="1" facing="left" thumb="" aid="9004" enable="Y" is_premium="N" money="0" sharing="0" />
<prop id="Grizzy and the Lemmings Logo.png" name="Grizzy and The Lemmings Logo" holdable="0" wearable="0" placeable="1" facing="left" thumb="" aid="9004" enable="Y" is_premium="N" money="0" sharing="0" />
<prop id="Guyana flag.jpg" name="Guyana" holdable="0" wearable="0" placeable="1" facing="left" thumb="" aid="9004" enable="Y" is_premium="N" money="0" sharing="0" />
<prop id="HTML5 Logo.png" name="HTML5" holdable="0" wearable="0" placeable="1" facing="left" thumb="" aid="9004" enable="Y" is_premium="N" money="0" sharing="0" />
<prop id="India Flag.jpg" name="India" holdable="0" wearable="0" placeable="1" facing="left" thumb="" aid="9004" enable="Y" is_premium="N" money="0" sharing="0" />
<prop id="Indonesia Flag.jpg" name="Indonesia" holdable="0" wearable="0" placeable="1" facing="left" thumb="" aid="9004" enable="Y" is_premium="N" money="0" sharing="0" />
<prop id="Ireland Flag.jpg" name="Ireland" holdable="0" wearable="0" placeable="1" facing="left" thumb="" aid="9004" enable="Y" is_premium="N" money="0" sharing="0" />
<prop id="Italy Flag.jpg" name="Italy" holdable="0" wearable="0" placeable="1" facing="left" thumb="" aid="9004" enable="Y" is_premium="N" money="0" sharing="0" />
<prop id="iTunes Logo.png" name="iTunes Logo" holdable="0" wearable="0" placeable="1" facing="left" thumb="" aid="9004" enable="Y" is_premium="N" money="0" sharing="0" />
<prop id="Klasky CSUPO Robot.jpg" name="Splaat" holdable="0" wearable="0" placeable="1" facing="left" thumb="" aid="9004" enable="Y" is_premium="N" money="0" sharing="0" />
<prop id="Looney Tunes Logo.png" name="Looney Tunes Logo" holdable="0" wearable="0" placeable="1" facing="left" thumb="" aid="9004" enable="Y" is_premium="N" money="0" sharing="0" />
<prop id="Madagascar Flag.jpg" name="Magagascar" holdable="0" wearable="0" placeable="1" facing="left" thumb="" aid="9004" enable="Y" is_premium="N" money="0" sharing="0" />
<prop id="Low Brightness Sign.png" name="Low Birghtness" holdable="0" wearable="0" placeable="1" facing="left" thumb="" aid="9004" enable="Y" is_premium="N" money="0" sharing="0" />
<prop id="M and M.png" name="M&M's" holdable="0" wearable="0" placeable="1" facing="left" thumb="" aid="9004" enable="Y" is_premium="N" money="0" sharing="0" />
<prop id="McDonalds Logo.png" name="McDonalds Logo" holdable="0" wearable="0" placeable="1" facing="left" thumb="" aid="9004" enable="Y" is_premium="N" money="0" sharing="0" />
<prop id="Medium Brightness Sign.png" name="Medium Bightness" holdable="0" wearable="0" placeable="1" facing="left" thumb="" aid="9004" enable="Y" is_premium="N" money="0" sharing="0" />
<prop id="Mexico Flag.jpg" name="Mexico" holdable="0" wearable="0" placeable="1" facing="left" thumb="" aid="9004" enable="Y" is_premium="N" money="0" sharing="0" />
<prop id="Mario and Sonic Logo.png" name="Mario and Sonic" holdable="0" wearable="0" placeable="1" facing="left" thumb="" aid="9004" enable="Y" is_premium="N" money="0" sharing="0" />
<prop id="McAfee Logo.png" name="McAfee" holdable="0" wearable="0" placeable="1" facing="left" thumb="" aid="9004" enable="Y" is_premium="N" money="0" sharing="0" />
<prop id="Messenger Logo.png" name="Messenger" holdable="0" wearable="0" placeable="1" facing="left" thumb="" aid="9004" enable="Y" is_premium="N" money="0" sharing="0" />
<prop id="Microsoft Edge Logo.png" name="Microsoft Edge Logo" holdable="0" wearable="0" placeable="1" facing="left" thumb="" aid="9004" enable="Y" is_premium="N" money="0" sharing="0" />
<prop id="Moldova Flag.jpg" name="Moldova" holdable="0" wearable="0" placeable="1" facing="left" thumb="" aid="9004" enable="Y" is_premium="N" money="0" sharing="0" />
<prop id="Mountain Dew Logo.png" name="Mountain Dew" holdable="0" wearable="0" placeable="1" facing="left" thumb="" aid="9004" enable="Y" is_premium="N" money="0" sharing="0" />
<prop id="My Little Pony Logo.png" name="My Little Pony Logo" holdable="0" wearable="0" placeable="1" facing="left" thumb="" aid="9004" enable="Y" is_premium="N" money="0" sharing="0" />
<prop id="Netflix Logo.png" name="Netflix" holdable="0" wearable="0" placeable="1" facing="left" thumb="" aid="9004" enable="Y" is_premium="N" money="0" sharing="0" />
<prop id="Nick Jr Logo.png" name="Nick jr Logo" holdable="0" wearable="0" placeable="1" facing="left" thumb="" aid="9004" enable="Y" is_premium="N" money="0" sharing="0" />
<prop id="Nickelodeon Logo.png" name="Nickelodeon Logo" holdable="0" wearable="0" placeable="1" facing="left" thumb="" aid="9004" enable="Y" is_premium="N" money="0" sharing="0" />
<prop id="Niger Flag.jpg" name="Niger" holdable="0" wearable="0" placeable="1" facing="left" thumb="" aid="9004" enable="Y" is_premium="N" money="0" sharing="0" />
<prop id="Nigeria Flag.jpg" name="Nigeria" holdable="0" wearable="0" placeable="1" facing="left" thumb="" aid="9004" enable="Y" is_premium="N" money="0" sharing="0" />
<prop id="Ninja Star.png" name="Nija Star" holdable="0" wearable="0" placeable="1" facing="left" thumb="" aid="9004" enable="Y" is_premium="N" money="0" sharing="0" />
<prop id="Nightcore Logo.png" name="Nightcore" holdable="0" wearable="0" placeable="1" facing="left" thumb="" aid="9004" enable="Y" is_premium="N" money="0" sharing="0" />
<prop id="Nintendo Gamecube Logo.jpg" name="Nintendo Gamecobe" holdable="0" wearable="0" placeable="1" facing="left" thumb="" aid="9004" enable="Y" is_premium="N" money="0" sharing="0" />
<prop id="Nintendo Gamecube Logo.jpg" name="Nintendo Gamecube Logo" holdable="0" wearable="0" placeable="1" facing="left" thumb="" aid="9004" enable="Y" is_premium="N" money="0" sharing="0" />
<prop id="No Bicycles Sign.png" name="No Bicycles Sign" holdable="0" wearable="0" placeable="1" facing="left" thumb="" aid="9004" enable="Y" is_premium="N" money="0" sharing="0" />
<prop id="No Littering Sign.png" name="No Littering Sign" holdable="0" wearable="0" placeable="1" facing="left" thumb="" aid="9004" enable="Y" is_premium="N" money="0" sharing="0" />
<prop id="No Mobile Phones Sign.png" name="No Mobile Phones Sign" holdable="0" wearable="0" placeable="1" facing="left" thumb="" aid="9004" enable="Y" is_premium="N" money="0" sharing="0" />
<prop id="No Pedestrians Sign.png" name="No Pedestrians Sign" holdable="0" wearable="0" placeable="1" facing="left" thumb="" aid="9004" enable="Y" is_premium="N" money="0" sharing="0" />
<prop id="No Smoking Sign.png" name="No Smoking Sign" holdable="0" wearable="0" placeable="1" facing="left" thumb="" aid="9004" enable="Y" is_premium="N" money="0" sharing="0" />
<prop id="North Korea Flag.jpg" name="North Korea Flag" holdable="0" wearable="0" placeable="1" facing="left" thumb="" aid="9004" enable="Y" is_premium="N" money="0" sharing="0" />
<prop id="New Zealand Flag.jpg" name="New Zealand" holdable="0" wearable="0" placeable="1" facing="left" thumb="" aid="9004" enable="Y" is_premium="N" money="0" sharing="0" />
<prop id="PBS Kids Logo.png" name="PBS Kids Dash" holdable="0" wearable="0" placeable="1" facing="left" thumb="" aid="9004" enable="Y" is_premium="N" money="0" sharing="0" />
<prop id="Pokemon Ball.png" name="Pokemon Ball" holdable="0" wearable="0" placeable="1" facing="left" thumb="" aid="9004" enable="Y" is_premium="N" money="0" sharing="0" />
<prop id="Pizza Hut Logo.png" name="Pizza Hut Logo" holdable="0" wearable="0" placeable="1" facing="left" thumb="" aid="9004" enable="Y" is_premium="N" money="0" sharing="0" />
<prop id="Paramount Logo.jpg" name="2" holdable="0" wearable="0" placeable="1" facing="left" thumb="" aid="9004" enable="Y" is_premium="N" money="0" sharing="0" />
<prop id="Paramount Logo.jpg" name="Paramount" holdable="0" wearable="0" placeable="1" facing="left" thumb="" aid="9004" enable="Y" is_premium="N" money="0" sharing="0" />
<prop id="Passport Control Sign.png" name="Passport Sign" holdable="0" wearable="0" placeable="1" facing="left" thumb="" aid="9004" enable="Y" is_premium="N" money="0" sharing="0" />
<prop id="PBS Logo.png" name="PBS Logo" holdable="0" wearable="0" placeable="1" facing="left" thumb="" aid="9004" enable="Y" is_premium="N" money="0" sharing="0" />
<prop id="Paqui One Chip Challenge.png" name="One chip challenge" holdable="0" wearable="0" placeable="1" facing="left" thumb="" aid="9004" enable="Y" is_premium="N" money="0" sharing="0" />
<prop id="Poop.png" name="Poop" holdable="0" wearable="0" placeable="1" facing="left" thumb="" aid="9004" enable="Y" is_premium="N" money="0" sharing="0" />
<prop id="Rainbow Card.png" name="Rainbow Card" holdable="0" wearable="0" placeable="1" facing="left" thumb="" aid="9004" enable="Y" is_premium="N" money="0" sharing="0" />
<prop id="Rated R.jpg" name="R-Rated" holdable="0" wearable="0" placeable="1" facing="left" thumb="" aid="9004" enable="Y" is_premium="N" money="0" sharing="0" />
<prop id="Rated X.png" name="X-Rated" holdable="0" wearable="0" placeable="1" facing="left" thumb="" aid="9004" enable="Y" is_premium="N" money="0" sharing="0" />
<prop id="Red Warning Sign.png" name="Red Warning" holdable="0" wearable="0" placeable="1" facing="left" thumb="" aid="9004" enable="Y" is_premium="N" money="0" sharing="0" />
<prop id="Rainbow Hot Air Balloon Basket.png" name="Rainbow Hot Air Balloon Basket" holdable="0" wearable="0" placeable="1" facing="left" thumb="" aid="9004" enable="Y" is_premium="N" money="0" sharing="0" />
<prop id="Rainbow Hot Air Balloon.png" name="Rainbow Hot Air Balloon" holdable="0" wearable="0" placeable="1" facing="left" thumb="" aid="9004" enable="Y" is_premium="N" money="0" sharing="0" />
<prop id="Rated M.png" name="M-Rated" holdable="0" wearable="0" placeable="1" facing="left" thumb="" aid="9004" enable="Y" is_premium="N" money="0" sharing="0" />
<prop id="Rated MA.png" name="MA-Rated" holdable="0" wearable="0" placeable="1" facing="left" thumb="" aid="9004" enable="Y" is_premium="N" money="0" sharing="0" />
<prop id="Rated NC-17.png" name="NC-17-Rated" holdable="0" wearable="0" placeable="1" facing="left" thumb="" aid="9004" enable="Y" is_premium="N" money="0" sharing="0" />
<prop id="Rated PG-13.jpg" name="PG-13-Rated" holdable="0" wearable="0" placeable="1" facing="left" thumb="" aid="9004" enable="Y" is_premium="N" money="0" sharing="0" />
<prop id="Roblox Logo.png" name="Roblox Logo" holdable="0" wearable="0" placeable="1" facing="left" thumb="" aid="9004" enable="Y" is_premium="N" money="0" sharing="0" />
<prop id="Reddit Logo.png" name="Reddit" holdable="0" wearable="0" placeable="1" facing="left" thumb="" aid="9004" enable="Y" is_premium="N" money="0" sharing="0" />
<prop id="Reunion Flag.jpg" name="Reunion" holdable="0" wearable="0" placeable="1" facing="left" thumb="" aid="9004" enable="Y" is_premium="N" money="0" sharing="0" />
<prop id="Romania Flag.jpg" name="Romania" holdable="0" wearable="0" placeable="1" facing="left" thumb="" aid="9004" enable="Y" is_premium="N" money="0" sharing="0" />
<prop id="Russia Flag.jpg" name="Rossia Flag" holdable="0" wearable="0" placeable="1" facing="left" thumb="" aid="9004" enable="Y" is_premium="N" money="0" sharing="0" />
<prop id="Sailing Boat.png" name="Sailing Boat" holdable="0" wearable="0" placeable="1" facing="left" thumb="" aid="9004" enable="Y" is_premium="N" money="0" sharing="0" />
<prop id="Scratch Cat.png" name="Scratch Cat" holdable="0" wearable="0" placeable="1" facing="left" thumb="" aid="9004" enable="Y" is_premium="N" money="0" sharing="0" />
<prop id="SML Logo.jpg" name="SML Logo" holdable="0" wearable="0" placeable="1" facing="left" thumb="" aid="9004" enable="Y" is_premium="N" money="0" sharing="0" />
<prop id="Spongebob Squarepants Logo.png" name="SpongeBob Squarepants Logo" holdable="0" wearable="0" placeable="1" facing="left" thumb="" aid="9004" enable="Y" is_premium="N" money="0" sharing="0" />
<prop id="Sprite Logo.png" name="Sprite Logo" holdable="0" wearable="0" placeable="1" facing="left" thumb="" aid="9004" enable="Y" is_premium="N" money="0" sharing="0" />
<prop id="Super Mario Logo.png" name="Super Mario Logo" holdable="0" wearable="0" placeable="1" facing="left" thumb="" aid="9004" enable="Y" is_premium="N" money="0" sharing="0" />
<prop id="Super Smash Bros Logo.png" name="Super Smash Bros Logo" holdable="0" wearable="0" placeable="1" facing="left" thumb="" aid="9004" enable="Y" is_premium="N" money="0" sharing="0" />
<prop id="Supernova.png" name="Supernova" holdable="0" wearable="0" placeable="1" facing="left" thumb="" aid="9004" enable="Y" is_premium="N" money="0" sharing="0" />
<prop id="Supernova.png" name="Supernova" holdable="0" wearable="0" placeable="1" facing="left" thumb="" aid="9004" enable="Y" is_premium="N" money="0" sharing="0" />
<prop id="Static TV Screen.jpg" name="Static TV" holdable="0" wearable="0" placeable="1" facing="left" thumb="" aid="9004" enable="Y" is_premium="N" money="0" sharing="0" />
<prop id="Midbahh.png" name="Midbahh" holdable="0" wearable="0" placeable="1" facing="left" thumb="" aid="9004" enable="Y" is_premium="N" money="0" sharing="0" />
<prop id="Pomni.png" name="Pomni" holdable="0" wearable="0" placeable="1" facing="left" thumb="" aid="9004" enable="Y" is_premium="N" money="0" sharing="0" />
<prop id="Puffball.png" name="Puffball" holdable="0" wearable="0" placeable="1" facing="left" thumb="" aid="9004" enable="Y" is_premium="N" money="0" sharing="0" />
<prop id="Rainbow Dash.png" name="Rainbow Dash" holdable="0" wearable="0" placeable="1" facing="left" thumb="" aid="9004" enable="Y" is_premium="N" money="0" sharing="0" />
<prop id="Angela New Look October 19th, 2023.jpg" name="Angela October 2023 Icon" holdable="0" wearable="0" placeable="1" facing="left" thumb="" aid="9004" enable="Y" is_premium="N" money="0" sharing="0" />
<prop id="AlexWrapper.png" name="AlexWrapper Logo" holdable="0" wearable="0" placeable="1" facing="left" thumb="" aid="9004" enable="Y" is_premium="N" money="0" sharing="0" />
<prop id="Avex_logo_2017.png" name="Avex Logo" holdable="0" wearable="0" placeable="1" facing="left" thumb="" aid="9004" enable="Y" is_premium="N" money="0" sharing="0" />
<prop id="Mask.png" name="Face Mask" holdable="0" wearable="0" placeable="1" facing="left" thumb="" aid="9004" enable="Y" is_premium="N" money="0" sharing="0" />
<prop id="Mabel Pines.png" name="Mabel Pines" holdable="0" wearable="0" placeable="1" facing="left" thumb="" aid="9004" enable="Y" is_premium="N" money="0" sharing="0" />
<prop id="Lucy Minion.jpeg" name="Lucy Minion" holdable="0" wearable="0" placeable="1" facing="left" thumb="" aid="9004" enable="Y" is_premium="N" money="0" sharing="0" />
<prop id="Mcqueen.jpg" name="Lightning McQueen" holdable="0" wearable="0" placeable="1" facing="left" thumb="" aid="9004" enable="Y" is_premium="N" money="0" sharing="0" />
<prop id="My Talking Angela 2 Poster.jpg" name="My Talking Angela 2 Poster 2023" holdable="0" wearable="0" placeable="1" facing="left" thumb="" aid="9004" enable="Y" is_premium="N" money="0" sharing="0" />
<prop id="Oero Cookie Pack.jpeg" name="Oreo Max Size Cookie Packs" holdable="0" wearable="0" placeable="1" facing="left" thumb="" aid="9004" enable="Y" is_premium="N" money="0" sharing="0" />
<prop id="Glitch.png" name="Glitch Logo" holdable="0" wearable="0" placeable="1" facing="left" thumb="" aid="9004" enable="Y" is_premium="N" money="0" sharing="0" />
<prop id="Heroku_logo.png" name="Heroku" holdable="0" wearable="0" placeable="1" facing="left" thumb="" aid="9004" enable="Y" is_premium="N" money="0" sharing="0" />
<prop id="Jello.png" name="Jello" holdable="0" wearable="0" placeable="1" facing="left" thumb="" aid="9004" enable="Y" is_premium="N" money="0" sharing="0" />
<prop id="Monster Energy.png" name="Monster Energy" holdable="0" wearable="0" placeable="1" facing="left" thumb="" aid="9004" enable="Y" is_premium="N" money="0" sharing="0" />
<prop id="Movie Studio Platinum 12.0 Icon.png" name="Movie Studio 12.0 Platinum Icon" holdable="0" wearable="0" placeable="1" facing="left" thumb="" aid="9004" enable="Y" is_premium="N" money="0" sharing="0" />
<prop id="Lay's Classic.jpg" name="Classic Lay's Chip" holdable="0" wearable="0" placeable="1" facing="left" thumb="" aid="9004" enable="Y" is_premium="N" money="0" sharing="0" />
<prop id="Firefox.png" name="Firefox" holdable="0" wearable="0" placeable="1" facing="left" thumb="" aid="9004" enable="Y" is_premium="N" money="0" sharing="0" />
<sound id="look_at_the_sky_perf_580.mp3" name="Sky Performance Dance Moves" subtype="soundeffect" duration="6321" downloadtype="progressive" aid="24304" enable="Y" is_premium="N" money="0" sharing="0" />
<sound id="Preview2 MeowbahFull.mp3" name="Preview 2 Meowbah Full" subtype="soundeffect" duration="25077" downloadtype="progressive" aid="24304" enable="Y" is_premium="N" money="0" sharing="0" />
<background id="(Children Day Holiday 8 Calendar) (17) KlaskyKlaskyKlaskyKlasky Gummy Bear V2.swf" name="Gummy Bear SWF" default="N" aid="9603" enable="Y" is_premium="N" money="0" sharing="0" />
<sound id="Bob Running.mp3" name="Bob Running" subtype="soundeffect" duration="3239" downloadtype="progressive" aid="24304" enable="Y" is_premium="N" money="0" sharing="0" />
<sound id="Bob Walking.mp3" name="Bob Walking" subtype="soundeffect" duration="3186" downloadtype="progressive" aid="24304" enable="Y" is_premium="N" money="0" sharing="0" />
<sound id="Rocky Running.mp3" name="Rocky Running" subtype="soundeffect" duration="3239" downloadtype="progressive" aid="24304" enable="Y" is_premium="N" money="0" sharing="0" />
<sound id="Rocky Walking.mp3" name="Rocky Walking" subtype="soundeffect" duration="3918" downloadtype="progressive" aid="24304" enable="Y" is_premium="N" money="0" sharing="0" />
<prop id="Beach Blanket.png" name="Beach Blanket" holdable="0" wearable="0" placeable="1" facing="left" thumb="" aid="9004" enable="Y" is_premium="N" money="0" sharing="0" />
<prop id="Bob with Engineer Costume (Minion Rush v8.0.0).jpg" name="Bob with Engineer Uniform" holdable="0" wearable="0" placeable="1" facing="left" thumb="" aid="9004" enable="Y" is_premium="N" money="0" sharing="0" />
<prop id="Bob with Cupid Costume.png" name="Bob with Cupid Uniforn" holdable="0" wearable="0" placeable="1" facing="left" thumb="" aid="9004" enable="Y" is_premium="N" money="0" sharing="0" />
<prop id="Cocomelon.png" name="Cocomelon" holdable="0" wearable="0" placeable="1" facing="left" thumb="" aid="9004" enable="Y" is_premium="N" money="0" sharing="0" />
<prop id="Pinkie Pie Hips.png" name="Pinkie Pie Standing On Hips" holdable="0" wearable="0" placeable="1" facing="left" thumb="" aid="9004" enable="Y" is_premium="N" money="0" sharing="0" />
<prop id="Pinkie Pie EQG Shorts.png" name="Pinkie Pie EQG" holdable="0" wearable="0" placeable="1" facing="left" thumb="" aid="9004" enable="Y" is_premium="N" money="0" sharing="0" />
<prop id="Pinkie Pie Bathing Suit.png" name="Pinkie Pie Bathing Suit" holdable="0" wearable="0" placeable="1" facing="left" thumb="" aid="9004" enable="Y" is_premium="N" money="0" sharing="0" />
<prop id="Pinkie Pie EQG Shorts.png" name="Pinkie Pie EQG Shorts" holdable="0" wearable="0" placeable="1" facing="left" thumb="" aid="9004" enable="Y" is_premium="N" money="0" sharing="0" />
<prop id="Pinkie Pie Stripped Bathing Suit.png" name="Pinkie Pie Stripped Bathing Suit" holdable="0" wearable="0" placeable="1" facing="left" thumb="" aid="9004" enable="Y" is_premium="N" money="0" sharing="0" />
<prop id="pinkie_pie_as_an_alicorn_by_supersamyoshi_den1d63-pre.png" name="Pinkie Pie Pony" holdable="0" wearable="0" placeable="1" facing="left" thumb="" aid="9004" enable="Y" is_premium="N" money="0" sharing="0" />
<prop id="Pinkie Pie Bathing Suit Move.png" name="Pinkie Pie Bathing Suit Move" holdable="0" wearable="0" placeable="1" facing="left" thumb="" aid="9004" enable="Y" is_premium="N" money="0" sharing="0" />
<prop id="Pinkie Pie Bathing Suit V2.png" name="Pinkie Pie Bathing Suit V2" holdable="0" wearable="0" placeable="1" facing="left" thumb="" aid="9004" enable="Y" is_premium="N" money="0" sharing="0" />
<prop id="Applejack EQG.jpg" name="Applejack EQG" holdable="0" wearable="0" placeable="1" facing="left" thumb="" aid="9004" enable="Y" is_premium="N" money="0" sharing="0" />
<prop id="Fluttershy.png" name="Fluttershy" holdable="0" wearable="0" placeable="1" facing="left" thumb="" aid="9004" enable="Y" is_premium="N" money="0" sharing="0" />
<prop id="Flutershy EQG.png" name="Flutershy EQG" holdable="0" wearable="0" placeable="1" facing="left" thumb="" aid="9004" enable="Y" is_premium="N" money="0" sharing="0" />
<prop id="Fluttershy New Clothes EQG.png" name="Fluttershy New Clothes EQG" holdable="0" wearable="0" placeable="1" facing="left" thumb="" aid="9004" enable="Y" is_premium="N" money="0" sharing="0" />
<prop id="Rita (Jelly Jamm) Sports.png" name="Rita (Jelly Jamm) Sports" holdable="0" wearable="0" placeable="1" facing="left" thumb="" aid="9004" enable="Y" is_premium="N" money="0" sharing="0" />
<prop id="Rita (Jelly Jamm) Kneel Down.jpg" name="Rita (Jelly Jamm) Kneel Down" holdable="0" wearable="0" placeable="1" facing="left" thumb="" aid="9004" enable="Y" is_premium="N" money="0" sharing="0" />
<prop id="Regal Cinemas.jpg" name="Regal Cinemas" holdable="0" wearable="0" placeable="1" facing="left" thumb="" aid="9004" enable="Y" is_premium="N" money="0" sharing="0" />
<prop id="Regal Cinemas Show.jpg" name="Regal Cimenas Stage" holdable="0" wearable="0" placeable="1" facing="left" thumb="" aid="9004" enable="Y" is_premium="N" money="0" sharing="0" />
<prop id="Mina_Vector.png" name="Mina (Jelly Jamm)" holdable="0" wearable="0" placeable="1" facing="left" thumb="" aid="9004" enable="Y" is_premium="N" money="0" sharing="0" />
<prop id="Minion.jpg" name="Minion Rush Poster" holdable="0" wearable="0" placeable="1" facing="left" thumb="" aid="9004" enable="Y" is_premium="N" money="0" sharing="0" />
<prop id="Nature Cat.png" name="Nature Cat" holdable="0" wearable="0" placeable="1" facing="left" thumb="" aid="9004" enable="Y" is_premium="N" money="0" sharing="0" />
<prop id="Nina.png" name="Nina (Pocoyo Plushy)" holdable="0" wearable="0" placeable="1" facing="left" thumb="" aid="9004" enable="Y" is_premium="N" money="0" sharing="0" />
<sound id="Dancin Dancin Gummy Bear La La La To Dance.mp3" name="Dancin Dancin Gummy Bear La La La To Dance" subtype="bgmusic" duration="241974" downloadtype="progressive" aid="24304" enable="Y" is_premium="N" money="0" sharing="0" />
<prop id="channels4_profile (18).jpg" name="iiRTJJF2024" holdable="0" wearable="0" placeable="1" facing="left" thumb="" aid="9004" enable="Y" is_premium="N" money="0" sharing="0" />
<prop id="Flutterdash (Fanart).jpg" name="Flutterdash (Fanart)" holdable="0" wearable="0" placeable="1" facing="left" thumb="" aid="9004" enable="Y" is_premium="N" money="0" sharing="0" />
<prop id="Midbahh.png" name="Midbahh" holdable="0" wearable="0" placeable="1" facing="left" thumb="" aid="9004" enable="Y" is_premium="N" money="0" sharing="0" />
<prop id="MLG Poster Ultimate.jpg" name="MLG Poster Ultimate" holdable="0" wearable="0" placeable="1" facing="left" thumb="" aid="9004" enable="Y" is_premium="N" money="0" sharing="0" />
<background id="MLG Poster V2.jpg" name="2" default="N" aid="9603" enable="Y" is_premium="N" money="0" sharing="0" />
<prop id="MLG Poster V2.jpg" name="MLG Poster V2" holdable="0" wearable="0" placeable="1" facing="left" thumb="" aid="9004" enable="Y" is_premium="N" money="0" sharing="0" />
<prop id="MLG Poster.jpg" name="MLG Poster" holdable="0" wearable="0" placeable="1" facing="left" thumb="" aid="9004" enable="Y" is_premium="N" money="0" sharing="0" />
<prop id="Kairus Que Cabreza.jpg" name="Kairus Que Cabreza" holdable="0" wearable="0" placeable="1" facing="left" thumb="" aid="9004" enable="Y" is_premium="N" money="0" sharing="0" />
<prop id="Moher Jon (Comedy World).png" name="Moher Jon (Comedy World)" holdable="0" wearable="0" placeable="1" facing="left" thumb="" aid="9004" enable="Y" is_premium="N" money="0" sharing="0" />
<prop id="My Little Pony EQG Friendship Games.jpg" name="My Little Pony EQG Friendship Games" holdable="0" wearable="0" placeable="1" facing="left" thumb="" aid="9004" enable="Y" is_premium="N" money="0" sharing="0" />
<prop id="Sunset Shimmer.png" name="Sunset Shimmer" holdable="0" wearable="0" placeable="1" facing="left" thumb="" aid="9004" enable="Y" is_premium="N" money="0" sharing="0" />
<prop id="Mario.png" name="Mario" holdable="0" wearable="0" placeable="1" facing="left" thumb="" aid="9004" enable="Y" is_premium="N" money="0" sharing="0" />
<prop id="Luigi.png" name="Luigi" holdable="0" wearable="0" placeable="1" facing="left" thumb="" aid="9004" enable="Y" is_premium="N" money="0" sharing="0" />
<prop id="Super Mario Maker.png" name="Super Mario Maker" holdable="0" wearable="0" placeable="1" facing="left" thumb="" aid="9004" enable="Y" is_premium="N" money="0" sharing="0" />
<prop id="Pinkie Pie EQG Amazing.png" name="Pinkie Pie EQG Amazing" holdable="0" wearable="0" placeable="1" facing="left" thumb="" aid="9004" enable="Y" is_premium="N" money="0" sharing="0" />
<prop id="Rainbow Dash EQG v2.png" name="Rainbow Dash EQG v2" holdable="0" wearable="0" placeable="1" facing="left" thumb="" aid="9004" enable="Y" is_premium="N" money="0" sharing="0" />
<prop id="Rainbow Dash EQG Cool Outfit.jpg" name="Rainbow Dash EQG Cool Outfit" holdable="0" wearable="0" placeable="1" facing="left" thumb="" aid="9004" enable="Y" is_premium="N" money="0" sharing="0" />
<prop id="Rainbow Dash EQG Ballerine.png" name="Rainbow Dash EQG Ballerine" holdable="0" wearable="0" placeable="1" facing="left" thumb="" aid="9004" enable="Y" is_premium="N" money="0" sharing="0" />
<prop id="Rainbow Dash EQG Swimsuit.png" name="Rainbow Dash EQG Swimsuit" holdable="0" wearable="0" placeable="1" facing="left" thumb="" aid="9004" enable="Y" is_premium="N" money="0" sharing="0" />
<prop id="Sunset Shimmer.png" name="Sunset Shimmer" holdable="0" wearable="0" placeable="1" facing="left" thumb="" aid="9004" enable="Y" is_premium="N" money="0" sharing="0" />
<prop id="Sunset Shimmer EQG.jpg" name="Sunset Shimmer EQG" holdable="0" wearable="0" placeable="1" facing="left" thumb="" aid="9004" enable="Y" is_premium="N" money="0" sharing="0" />
<prop id="Sunset Shimmer EQG V2.png" name="Sunset Shimmer EQG V2" holdable="0" wearable="0" placeable="1" facing="left" thumb="" aid="9004" enable="Y" is_premium="N" money="0" sharing="0" />
<prop id="Sunset Shimmer EQG Swimsuot.png" name="Sunset Shimmer EQG Swimsuot" holdable="0" wearable="0" placeable="1" facing="left" thumb="" aid="9004" enable="Y" is_premium="N" money="0" sharing="0" />
<prop id="spongebob_png_vector_2_by_carlosoof10_df88x1u-pre.png" name="SpongeBob" holdable="0" wearable="0" placeable="1" facing="left" thumb="" aid="9004" enable="Y" is_premium="N" money="0" sharing="0" />
<prop id="Spongebob Thumbs Up Action And Winking.png" name="Spongebob Thumbs Up" holdable="0" wearable="0" placeable="1" facing="left" thumb="" aid="9004" enable="Y" is_premium="N" money="0" sharing="0" />
<prop id="Spongebob Pineapple.jpg" name="Spongebob Pineapple" holdable="0" wearable="0" placeable="1" facing="left" thumb="" aid="9004" enable="Y" is_premium="N" money="0" sharing="0" />
<prop id="sporty_style_pinkie_pie_vector_by_icantunloveyou-dam98ty.png" name="Pinkie Pie Sportive" holdable="0" wearable="0" placeable="1" facing="left" thumb="" aid="9004" enable="Y" is_premium="N" money="0" sharing="0" />
<prop id="Star Butterfly.jpg" name="Star Butterfly" holdable="0" wearable="0" placeable="1" facing="left" thumb="" aid="9004" enable="Y" is_premium="N" money="0" sharing="0" />
<prop id="Flutter Shimer.png" name="Flutter Shimer" holdable="0" wearable="0" placeable="1" facing="left" thumb="" aid="9004" enable="Y" is_premium="N" money="0" sharing="0" />
<prop id="MLG Wallpaper Logo.jpg" name="MLG Wallpaper Logo" holdable="0" wearable="0" placeable="1" facing="left" thumb="" aid="9004" enable="Y" is_premium="N" money="0" sharing="0" />
<prop id="MLG Wallpaper.jpg" name="MLG Wallpaper" holdable="0" wearable="0" placeable="1" facing="left" thumb="" aid="9004" enable="Y" is_premium="N" money="0" sharing="0" />
<prop id="Peppa.jpeg" name="Peppa Pig" holdable="0" wearable="0" placeable="1" facing="left" thumb="" aid="9004" enable="Y" is_premium="N" money="0" sharing="0" />
<prop id="Princess_Peach.png" name="Princess_Peach" holdable="0" wearable="0" placeable="1" facing="left" thumb="" aid="9004" enable="Y" is_premium="N" money="0" sharing="0" />
<prop id="Princess_Daisy.png" name="Princess_Daisy" holdable="0" wearable="0" placeable="1" facing="left" thumb="" aid="9004" enable="Y" is_premium="N" money="0" sharing="0" />
<prop id="Pinkie Pie EQG Greet.png" name="Pinkie Pie EQG Greet" holdable="0" wearable="0" placeable="1" facing="left" thumb="" aid="9004" enable="Y" is_premium="N" money="0" sharing="0" />
<prop id="Rarity EQG.png" name="Rarity EQG" holdable="0" wearable="0" placeable="1" facing="left" thumb="" aid="9004" enable="Y" is_premium="N" money="0" sharing="0" />
<background id="Rarity EQG Newer.png" name="2" default="N" aid="9603" enable="Y" is_premium="N" money="0" sharing="0" />
<prop id="Rarity EQG Newer.png" name="Rarity EQG Newer" holdable="0" wearable="0" placeable="1" facing="left" thumb="" aid="9004" enable="Y" is_premium="N" money="0" sharing="0" />
<prop id="Rarity EQG Beach.png" name="Rarity EQG Beach" holdable="0" wearable="0" placeable="1" facing="left" thumb="" aid="9004" enable="Y" is_premium="N" money="0" sharing="0" />
<prop id="Rarity EQG Sexy Clothes.png" name="Rarity EQG Sexy Clothes" holdable="0" wearable="0" placeable="1" facing="left" thumb="" aid="9004" enable="Y" is_premium="N" money="0" sharing="0" />
<prop id="Rarity EQG Swimsuit.png" name="Rarity EQG Swimsuit" holdable="0" wearable="0" placeable="1" facing="left" thumb="" aid="9004" enable="Y" is_premium="N" money="0" sharing="0" />
<prop id="Patt Logo.png" name="Patthamart Logo" holdable="0" wearable="0" placeable="1" facing="left" thumb="" aid="9004" enable="Y" is_premium="N" money="0" sharing="0" />
<prop id="Candy_Object.jpg" name="Candy_Object" holdable="0" wearable="0" placeable="1" facing="left" thumb="" aid="9004" enable="Y" is_premium="N" money="0" sharing="0" />
<sound id="Getting Dirty - Silent Partner.mp3" name="Getting Dirty - Silent Partner" subtype="bgmusic" duration="123664" downloadtype="progressive" aid="24304" enable="Y" is_premium="N" money="0" sharing="0" />
<prop id="Disgust.png" name="Disgust" holdable="0" wearable="0" placeable="1" facing="left" thumb="" aid="9004" enable="Y" is_premium="N" money="0" sharing="0" />
<prop id="Disgust Neutral.png" name="Disgust Neutral" holdable="0" wearable="0" placeable="1" facing="left" thumb="" aid="9004" enable="Y" is_premium="N" money="0" sharing="0" />
<prop id="Disgust Disgusted.png" name="Disgust Disgusted" holdable="0" wearable="0" placeable="1" facing="left" thumb="" aid="9004" enable="Y" is_premium="N" money="0" sharing="0" />
<prop id="Disgust Neutral.png" name="Disgust Neutral" holdable="0" wearable="0" placeable="1" facing="left" thumb="" aid="9004" enable="Y" is_premium="N" money="0" sharing="0" />
<prop id="Disgust Pushing Back.png" name="Disgust Pushing Back" holdable="0" wearable="0" placeable="1" facing="left" thumb="" aid="9004" enable="Y" is_premium="N" money="0" sharing="0" />
<prop id="Embarrassement.png" name="Embarrassement" holdable="0" wearable="0" placeable="1" facing="left" thumb="" aid="9004" enable="Y" is_premium="N" money="0" sharing="0" />
<prop id="Anger Fumer.png" name="Anger Fumer" holdable="0" wearable="0" placeable="1" facing="left" thumb="" aid="9004" enable="Y" is_premium="N" money="0" sharing="0" />
<prop id="Angry (REALLY MAD).png" name="Angry (REALLY MAD)" holdable="0" wearable="0" placeable="1" facing="left" thumb="" aid="9004" enable="Y" is_premium="N" money="0" sharing="0" />
<prop id="Anxiety Frustrated.png" name="Anxiety Frustrated" holdable="0" wearable="0" placeable="1" facing="left" thumb="" aid="9004" enable="Y" is_premium="N" money="0" sharing="0" />
<prop id="Anxiety.png" name="Anxiety" holdable="0" wearable="0" placeable="1" facing="left" thumb="" aid="9004" enable="Y" is_premium="N" money="0" sharing="0" />
<prop id="Envy.png" name="Envy" holdable="0" wearable="0" placeable="1" facing="left" thumb="" aid="9004" enable="Y" is_premium="N" money="0" sharing="0" />
<prop id="Envy Sad.png" name="Envy Sad" holdable="0" wearable="0" placeable="1" facing="left" thumb="" aid="9004" enable="Y" is_premium="N" money="0" sharing="0" />
<prop id="Ennui.png" name="Ennui" holdable="0" wearable="0" placeable="1" facing="left" thumb="" aid="9004" enable="Y" is_premium="N" money="0" sharing="0" />
<prop id="Galaxy Blue Green.jpg" name="Galaxy Blue Green" holdable="0" wearable="0" placeable="1" facing="left" thumb="" aid="9004" enable="Y" is_premium="N" money="0" sharing="0" />
<prop id="Fear.png" name="Fear" holdable="0" wearable="0" placeable="1" facing="left" thumb="" aid="9004" enable="Y" is_premium="N" money="0" sharing="0" />
<prop id="Gummibar.jpg" name="Gummy Bear DVD 1" holdable="0" wearable="0" placeable="1" facing="left" thumb="" aid="9004" enable="Y" is_premium="N" money="0" sharing="0" />
<prop id="Gummibar DVD Lala Love to Dance.jpg" name="Gummibar DVD Lala Love to Dance" holdable="0" wearable="0" placeable="1" facing="left" thumb="" aid="9004" enable="Y" is_premium="N" money="0" sharing="0" />
<prop id="Gummibar DVD The Gummy Bear Album.jpg" name="Gummibar DVD The Gummy Bear Album" holdable="0" wearable="0" placeable="1" facing="left" thumb="" aid="9004" enable="Y" is_premium="N" money="0" sharing="0" />
<prop id="Joy.png" name="Joy" holdable="0" wearable="0" placeable="1" facing="left" thumb="" aid="9004" enable="Y" is_premium="N" money="0" sharing="0" />
<prop id="Lori Loud.png" name="Lori Loud" holdable="0" wearable="0" placeable="1" facing="left" thumb="" aid="9004" enable="Y" is_premium="N" money="0" sharing="0" />
<prop id="logo-256.png" name="VirtualBox" holdable="0" wearable="0" placeable="1" facing="left" thumb="" aid="9004" enable="Y" is_premium="N" money="0" sharing="0" />
<prop id="Sadness.png" name="Sadness" holdable="0" wearable="0" placeable="1" facing="left" thumb="" aid="9004" enable="Y" is_premium="N" money="0" sharing="0" />
<prop id="Sadness Really Cries.png" name="Sadness Really Cries" holdable="0" wearable="0" placeable="1" facing="left" thumb="" aid="9004" enable="Y" is_premium="N" money="0" sharing="0" />
<prop id="Sadness Holds The Bal.png" name="Sadness Holds The Bal" holdable="0" wearable="0" placeable="1" facing="left" thumb="" aid="9004" enable="Y" is_premium="N" money="0" sharing="0" />
<prop id="Jayden Klapof.png" name="Jayden Klapof" holdable="0" wearable="0" placeable="1" facing="left" thumb="" aid="9004" enable="Y" is_premium="N" money="0" sharing="0" />
<prop id="Hotel Bathroom.jpg" name="Hotel Bathroom" holdable="0" wearable="0" placeable="1" facing="left" thumb="" aid="9004" enable="Y" is_premium="N" money="0" sharing="0" />
<prop id="Hotel Bedroom.jpg" name="Hotel Bedroom" holdable="0" wearable="0" placeable="1" facing="left" thumb="" aid="9004" enable="Y" is_premium="N" money="0" sharing="0" />
<prop id="Hotel Kitcken.jpg" name="Hotel Kitcken" holdable="0" wearable="0" placeable="1" facing="left" thumb="" aid="9004" enable="Y" is_premium="N" money="0" sharing="0" />
<prop id="Hotel Living Room.jpg" name="Hotel Living Room" holdable="0" wearable="0" placeable="1" facing="left" thumb="" aid="9004" enable="Y" is_premium="N" money="0" sharing="0" />
<prop id="Hotel.jpg" name="Hotel" holdable="0" wearable="0" placeable="1" facing="left" thumb="" aid="9004" enable="Y" is_premium="N" money="0" sharing="0" />
<prop id="House.jpeg" name="House" holdable="0" wearable="0" placeable="1" facing="left" thumb="" aid="9004" enable="Y" is_premium="N" money="0" sharing="0" />
<prop id="House.jpg" name="House" holdable="0" wearable="0" placeable="1" facing="left" thumb="" aid="9004" enable="Y" is_premium="N" money="0" sharing="0" />
<prop id="JoySadness_BackToBack.png" name="JoySadness_BackToBack" holdable="0" wearable="0" placeable="1" facing="left" thumb="" aid="9004" enable="Y" is_premium="N" money="0" sharing="0" />
<prop id="Hospital.jpeg" name="Hospital" holdable="0" wearable="0" placeable="1" facing="left" thumb="" aid="9004" enable="Y" is_premium="N" money="0" sharing="0" />
<prop id="Hot Dog Truck.jpg" name="Hot Dog Truck" holdable="0" wearable="0" placeable="1" facing="left" thumb="" aid="9004" enable="Y" is_premium="N" money="0" sharing="0" />
<prop id="Hot Dog.jpeg" name="Hot Dog" holdable="0" wearable="0" placeable="1" facing="left" thumb="" aid="9004" enable="Y" is_premium="N" money="0" sharing="0" />
<sound id="Iv'e Got A Jar of Dirt Remix Video.mp3" name="Iv'e Got A Jar of Dirt Remix Video" subtype="bgmusic" duration="92813" downloadtype="progressive" aid="24304" enable="Y" is_premium="N" money="0" sharing="0" />
<sound id="Scariest Pranks Dirt Audio Ever.mp3" name="Scariest Pranks Dirt Audio Ever" subtype="bgmusic" duration="92880" downloadtype="progressive" aid="24304" enable="Y" is_premium="N" money="0" sharing="0" />
<prop id="Jar_Dirt.png" name="Jar_Dirt" holdable="0" wearable="0" placeable="1" facing="left" thumb="" aid="9004" enable="Y" is_premium="N" money="0" sharing="0" />
<prop id="Paris Eiffel Towrl.jpg" name="Paris Eiffel Towrl" holdable="0" wearable="0" placeable="1" facing="left" thumb="" aid="9004" enable="Y" is_premium="N" money="0" sharing="0" />
</theme>
