<?xml version="1.0" encoding="utf-8"?>
<theme id="christian a" name="Christian A World">
	<char id="christian a" name="Christian A" thumb="stand.swf" facing="left" default="stand.swf" motion="walk.swf" enable="Y" is_premium="N" aid="60" money="0" sharing="0">
        <tag>cat:Random Characters</tag>
        <category name="Actions">
        <action id="stand.swf" name="Stand" loop="Y" totalframe="1" enable="Y" aid="60"/>
        <action id="walk.swf" name="Walk" loop="Y" totalframe="1" enable="Y" aid="60"/>
        <action id="sad.swf" name="Sad" loop="Y" totalframe="1" enable="Y" aid="60"/>
        <action id="angry.swf" name="Angry" loop="Y" totalframe="1" enable="Y" aid="60"/>
        <action id="cry.swf" name="Cry" loop="Y" totalframe="1" enable="Y" aid="60"/>
        <action id="talk.swf" name="Talk" loop="Y" totalframe="1" enable="Y" aid="60"/>
        </category>
	</char>
        <char id="zander" name="Zander2482_Alt" thumb="stand.swf" facing="left" default="stand.swf" motion="walk.swf" enable="Y" is_premium="N" aid="61" money="0" sharing="0">
        <tag>cat:Random Characters</tag>
        <category name="Actions">
        <action id="stand.swf" name="Stand" loop="Y" totalframe="1" enable="Y" aid="60"/>
        <action id="walk.swf" name="Walk" loop="Y" totalframe="1" enable="Y" aid="60"/>
        <action id="sad.swf" name="Sad" loop="Y" totalframe="1" enable="Y" aid="60"/>
        <action id="angry.swf" name="Angry" loop="Y" totalframe="1" enable="Y" aid="60"/>
        <action id="cry.swf" name="Cry" loop="Y" totalframe="1" enable="Y" aid="60"/>
        <action id="talk.swf" name="Talk" loop="Y" totalframe="1" enable="Y" aid="60"/>
        </category>
	</char>
        <char id="bob" name="BobEsponja_884" thumb="stand.swf" facing="left" default="stand.swf" motion="walk.swf" enable="Y" is_premium="N" aid="62" money="0" sharing="0">
        <tag>cat:Random Characters</tag>
        <category name="Actions">
        <action id="stand.swf" name="Stand" loop="Y" totalframe="1" enable="Y" aid="60"/>
        <action id="walk.swf" name="Walk" loop="Y" totalframe="1" enable="Y" aid="60"/>
        <action id="sad.swf" name="Sad" loop="Y" totalframe="1" enable="Y" aid="60"/>
        <action id="angry.swf" name="Angry" loop="Y" totalframe="1" enable="Y" aid="60"/>
        <action id="cry.swf" name="Cry" loop="Y" totalframe="1" enable="Y" aid="60"/>
        <action id="talk.swf" name="Talk" loop="Y" totalframe="1" enable="Y" aid="60"/>
        </category>
	</char>
        <char id="baldi2" name="Baldi2" thumb="stand.swf" facing="left" default="stand.swf" motion="walk.swf" enable="Y" is_premium="N" aid="63" money="0" sharing="0">
        <tag>cat:Random Characters</tag>
        <category name="Actions">
        <action id="stand.swf" name="Stand" loop="Y" totalframe="1" enable="Y" aid="60"/>
        <action id="walk.swf" name="Walk" loop="Y" totalframe="1" enable="Y" aid="60"/>
        <action id="sad.swf" name="Sad" loop="Y" totalframe="1" enable="Y" aid="60"/>
        <action id="angry.swf" name="Angry" loop="Y" totalframe="1" enable="Y" aid="60"/>
        <action id="cry.swf" name="Cry" loop="Y" totalframe="1" enable="Y" aid="60"/>
        <action id="talk.swf" name="Talk" loop="Y" totalframe="1" enable="Y" aid="60"/>
        </category>
	</char>
        <char id="chef1" name="Chef1" thumb="stand.swf" facing="left" default="stand.swf" motion="walk.swf" enable="Y" is_premium="N" aid="64" money="0" sharing="0">
        <tag>cat:Chefs Characters</tag>
        <category name="Actions">
        <action id="stand.swf" name="Stand" loop="Y" totalframe="1" enable="Y" aid="60"/>
        <action id="walk.swf" name="Walk" loop="Y" totalframe="1" enable="Y" aid="60"/>
        <action id="talk.swf" name="Talk" loop="Y" totalframe="1" enable="Y" aid="60"/>
        </category>
	</char>
        <char id="chef2" name="SML Chef PP" thumb="stand.swf" facing="left" default="stand.swf" motion="walk.swf" enable="Y" is_premium="N" aid="65" money="0" sharing="0">
        <tag>cat:Chefs Characters</tag>
        <category name="Actions">
        <action id="stand.swf" name="Stand" loop="Y" totalframe="1" enable="Y" aid="60"/>
        <action id="walk.swf" name="Walk" loop="Y" totalframe="1" enable="Y" aid="60"/>
        <action id="talk.swf" name="Talk" loop="Y" totalframe="1" enable="Y" aid="60"/>
        </category>
	</char>
        <background id="template1.swf" name="Template1" enable="Y" default="N" is_premium="N" aid="20514" money="0" sharing="0" />
        <background id="template2.swf" name="Template2" enable="Y" default="N" is_premium="N" aid="20515" money="0" sharing="0" />
        <background id="template3.swf" name="Template3" enable="Y" default="N" is_premium="N" aid="20516" money="0" sharing="0" />
        <background id="template4.swf" name="Template4" enable="Y" default="N" is_premium="N" aid="20517" money="0" sharing="0" />
        <background id="template5.swf" name="Template5" enable="Y" default="N" is_premium="N" aid="20518" money="0" sharing="0" />
        <background id="template6.swf" name="Template6" enable="Y" default="N" is_premium="N" aid="20519" money="0" sharing="0" />
<compositebg id="template1" name="Restaurants" enable="Y" default="N" thumb="restaurants.png" display_order="2" is_premium="N" money="0" sharing="0" aid="20540">
	<bg id="template1" index="0">
		<file>christian a.template1.swf</file>
	</bg>
        <prop id="PROP3" index="1">
      <file>christian a.road.swf</file>
      <x>130.5304124</x>
      <y>316.703551</y>
      <xscale>1.1714309</xscale>
      <yscale>1.1714309</yscale>
      <face>1</face>
      <rotation>2.0343595</rotation>
    </prop>
    <prop id="PROP5" index="2">
      <file>christian a.road.swf</file>
      <x>372.3804124</x>
      <y>320.403551</y>
      <xscale>1.1714309</xscale>
      <yscale>1.1714309</yscale>
      <face>1</face>
      <rotation>2.0343595</rotation>
    </prop>
    <prop id="PROP6" index="3">
      <file>christian a.road.swf</file>
      <x>612.3304124</x>
      <y>324.103551</y>
      <xscale>1.1714309</xscale>
      <yscale>1.1714309</yscale>
      <face>1</face>
      <rotation>2.0343595</rotation>
    </prop>
    <prop id="PROP7" index="4">
      <file>christian a.build1.swf</file>
      <x>76.3805269</x>
      <y>129.35</y>
      <xscale>0.9006528</xscale>
      <yscale>0.9006528</yscale>
      <face>1</face>
      <rotation>0</rotation>
    </prop>
    <prop id="PROP8" index="5">
      <file>christian a.build2.swf</file>
      <x>201.7302978</x>
      <y>153.553551</y>
      <xscale>0.797861</xscale>
      <yscale>0.797861</yscale>
      <face>1</face>
      <rotation>0.8695402</rotation>
    </prop>
    <prop id="PROP9" index="6">
      <file>christian a.build3.swf</file>
      <x>361.1304124</x>
      <y>129.35</y>
      <xscale>1</xscale>
      <yscale>1</yscale>
      <face>1</face>
      <rotation>0</rotation>
    </prop>
    <prop id="PROP10" index="7">
      <file>christian a.build1.swf</file>
      <x>504.7305269</x>
      <y>129.375</y>
      <xscale>1</xscale>
      <yscale>1</yscale>
      <face>1</face>
      <rotation>0</rotation>
    </prop>
    <prop id="PROP11" index="8">
      <file>christian a.build2.swf</file>
      <x>656.275</x>
      <y>145.953551</y>
      <xscale>1</xscale>
      <yscale>1</yscale>
      <face>1</face>
      <rotation>0</rotation>
    </prop>
    <prop id="PROP12" index="9">
      <file>christian a.my own restaurants prop.swf</file>
      <x>321.9455614</x>
      <y>154.125</y>
      <xscale>1.0887712</xscale>
      <yscale>1.0887712</yscale>
      <face>1</face>
      <rotation>0</rotation>
    </prop>
</compositebg>
<compositebg id="template5" name=" Inside Restaurants" enable="Y" default="N" thumb="restaurants inside.png" display_order="3" is_premium="N" money="0" sharing="0" aid="20541">
	<bg id="template5" index="0">
		<file>christian a.template5.swf</file>
	</bg>
        <prop id="PROP13" index="1">
      <file>christian a.blanket.swf</file>
      <x>442.3805269</x>
      <y>252.640357</y>
      <xscale>0.5262209</xscale>
      <yscale>0.5262209</yscale>
      <face>1</face>
      <rotation>90.5851452</rotation>
    </prop>
    <prop id="PROP15" index="2">
      <file>christian a.blanket.swf</file>
      <x>287.3305269</x>
      <y>256.340357</y>
      <xscale>0.5262209</xscale>
      <yscale>0.5262209</yscale>
      <face>1</face>
      <rotation>90.5851452</rotation>
    </prop>
</compositebg>
<compositebg id="template2" name="Zander2482_Alt House" enable="Y" default="N" thumb="zander house.png" display_order="4" is_premium="N" money="0" sharing="0" aid="20542">
	<bg id="template2" index="0">
		<file>christian a.template2.swf</file>
	</bg>
        <prop id="PROP14" index="5">
      <file>christian a.down house.swf</file>
      <x>311.3802978</x>
      <y>220.325</y>
      <xscale>0.9880101</xscale>
      <yscale>0.9880101</yscale>
      <face>1</face>
      <rotation>0</rotation>
    </prop>
    <prop id="PROP16" index="6">
      <file>christian a.upper house.swf</file>
      <x>310.125</x>
      <y>122.003551</y>
      <xscale>1</xscale>
      <yscale>1</yscale>
      <face>1</face>
      <rotation>0</rotation>
    </prop>
    <prop id="PROP17" index="2">
      <file>christian a.build3.swf</file>
      <x>543.7805269</x>
      <y>208.55</y>
      <xscale>0.6068833</xscale>
      <yscale>0.6068833</yscale>
      <face>1</face>
      <rotation>0</rotation>
    </prop>
    <prop id="PROP19" index="4">
      <file>christian a.build3.swf</file>
      <x>429.9682755</x>
      <y>205.975</y>
      <xscale>0.6344899</xscale>
      <yscale>0.6344899</yscale>
      <face>1</face>
      <rotation>0</rotation>
    </prop>
    <prop id="PROP21" index="3" attached="Y">
      <file>christian a.build3.swf</file>
      <x>152.6682755</x>
      <y>205.925</y>
      <xscale>0.6344899</xscale>
      <yscale>0.6344899</yscale>
      <face>1</face>
      <rotation>0</rotation>
    </prop>
    <prop id="PROP22" index="1">
      <file>christian a.build1.swf</file>
      <x>67.6904987</x>
      <y>196.3</y>
      <xscale>0.690026</xscale>
      <yscale>0.690026</yscale>
      <face>1</face>
      <rotation>0</rotation>
    </prop>
</compositebg>
<compositebg id="template4" name="Zander2482_Alt Room" enable="Y" default="N" thumb="zander room.png" display_order="5" is_premium="N" money="0" sharing="0" aid="20543">
	<bg id="template4" index="0">
		<file>christian a.template4.swf</file>
	</bg>
        <prop id="PROP3" index="2">
      <file>christian a.bed.swf</file>
      <x>187.8804124</x>
      <y>247.353551</y>
      <xscale>2.0691878</xscale>
      <yscale>2.0691878</yscale>
      <face>1</face>
      <rotation>11.5739258</rotation>
    </prop>
    <prop id="PROP4" index="3">
      <file>christian a.blanket.swf</file>
      <x>124.8305269</x>
      <y>290.2268951</y>
      <xscale>1.3626257</xscale>
      <yscale>1.3626257</yscale>
      <face>1</face>
      <rotation>19.8234594</rotation>
    </prop>
    <prop id="PROP5" index="1">
      <file>christian a.room table.swf</file>
      <x>405.1802978</x>
      <y>213.4</y>
      <xscale>1.0911127</xscale>
      <yscale>1.0911127</yscale>
      <face>1</face>
      <rotation>0</rotation>
    </prop>
    <prop id="PROP6" index="4">
      <file>christian a.chair.swf</file>
      <x>502.8855505</x>
      <y>241.325</y>
      <xscale>0.7889908</xscale>
      <yscale>0.7889908</yscale>
      <face>1</face>
      <rotation>0</rotation>
    </prop>
    <prop id="PROP7" index="5">
      <file>christian a.laptop.swf</file>
      <x>384.4305269</x>
      <y>183.125</y>
      <xscale>0.6666667</xscale>
      <yscale>0.6666667</yscale>
      <face>1</face>
      <rotation>0</rotation>
    </prop>
</compositebg>
<compositebg id="template3" name="Zander2482_Alt Living Room" enable="Y" default="N" thumb="zander living room.png" display_order="6" is_premium="N" money="0" sharing="0" aid="20544">
	<bg id="template3" index="0">
		<file>christian a.template3.swf</file>
	</bg>
        <prop id="PROP23" index="1">
      <file>christian a.sofa.swf</file>
      <x>318.2805269</x>
      <y>224.753551</y>
      <xscale>1.016397</xscale>
      <yscale>1.016397</yscale>
      <face>1</face>
      <rotation>0</rotation>
    </prop>
    <prop id="PROP24" index="2">
      <file>christian a.room table.swf</file>
      <x>206.1302978</x>
      <y>288.375</y>
      <xscale>1.6485651</xscale>
      <yscale>1.6485651</yscale>
      <face>1</face>
      <rotation>0</rotation>
    </prop>
</compositebg>
<compositebg id="template6" name="Kitchen" enable="Y" default="N" thumb="kitchen.png" display_order="7" is_premium="N" money="0" sharing="0" aid="20545">
	<bg id="template6" index="0">
		<file>christian a.template6.swf</file>
	</bg>
        <prop id="PROP25" index="1">
      <file>christian a.cooking table.swf</file>
      <x>331.4304124</x>
      <y>350.3705199</y>
      <xscale>3.3241985</xscale>
      <yscale>3.3241985</yscale>
      <face>1</face>
      <rotation>1.5445654</rotation>
    </prop>
</compositebg>
        <prop id="build1.swf" name="Build1" holdable="0" placeable="1" wearable="0" facing="left" thumb="" enable="Y" is_premium="N" aid="3203" money="0" sharing="0" />
        <prop id="build2.swf" name="Build2" holdable="0" placeable="1" wearable="0" facing="left" thumb="" enable="Y" is_premium="N" aid="3203" money="0" sharing="0" />
        <prop id="build3.swf" name="Build3" holdable="0" placeable="1" wearable="0" facing="left" thumb="" enable="Y" is_premium="N" aid="3203" money="0" sharing="0" />
        <prop id="down house.swf" name="Down House" holdable="0" placeable="1" wearable="0" facing="left" thumb="" enable="Y" is_premium="N" aid="3203" money="0" sharing="0" />
        <prop id="my own restaurants prop.swf" name="My Own Restaurants Prop" holdable="0" placeable="1" wearable="0" facing="left" thumb="" enable="Y" is_premium="N" aid="3203" money="0" sharing="0" />
        <prop id="upper house.swf" name="Upper House" holdable="0" placeable="1" wearable="0" facing="left" thumb="" enable="Y" is_premium="N" aid="3203" money="0" sharing="0" />
        <prop id="cooking table.swf" name="Cooking Table" holdable="0" placeable="1" wearable="0" facing="left" thumb="" enable="Y" is_premium="N" aid="3203" money="0" sharing="0" />
        <prop id="room table.swf" name="Room Table" holdable="0" placeable="1" wearable="0" facing="left" thumb="" enable="Y" is_premium="N" aid="3203" money="0" sharing="0" />
        <prop id="laptop.swf" name="Laptop" holdable="0" placeable="1" wearable="0" facing="left" thumb="" enable="Y" is_premium="N" aid="3203" money="0" sharing="0" />
        <prop id="bed.swf" name="Bed" holdable="0" placeable="1" wearable="0" facing="left" thumb="" enable="Y" is_premium="N" aid="3203" money="0" sharing="0" />
        <prop id="blanket.swf" name="Blanket" holdable="0" placeable="1" wearable="0" facing="left" thumb="" enable="Y" is_premium="N" aid="3203" money="0" sharing="0" />
        <prop id="road.swf" name="Road" holdable="0" placeable="1" wearable="0" facing="left" thumb="" enable="Y" is_premium="N" aid="3203" money="0" sharing="0" />
        <prop id="chair.swf" name="Chair" holdable="0" placeable="1" wearable="0" facing="left" thumb="" enable="Y" is_premium="N" aid="3203" money="0" sharing="0" />
        <prop id="sofa.swf" name="Sofa" holdable="0" placeable="1" wearable="0" facing="left" thumb="" enable="Y" is_premium="N" aid="3203" money="0" sharing="0" />
</theme>